,time,radio,reward,power
0,0,0.499766391273283,1.0,11
1,1,1.0726570652000225,1.0,11
2,2,0.9478815943869552,1.0,11
3,3,1.5122076209194313,1.0,13
4,4,1.7767537199878587,0.0,10
5,5,1.895580767896994,1.0,11
6,6,1.7311590307106985,1.0,11
7,7,2.1913660886003945,1.0,14
8,8,2.404036709935988,0.0,16
9,9,2.7469226398279045,1.0,16
10,10,2.7611246747721947,1.0,12
11,11,2.6219184661181325,1.0,13
12,12,2.807375811132438,1.0,24
13,13,2.8296035871772207,0.0,18
14,14,2.832575997840025,1.0,25
15,15,2.7854736081044638,1.0,22
16,16,2.8956867222604803,1.0,23
17,17,2.699948826132328,1.0,15
18,18,2.790354574143951,0.0,11
19,19,2.7169328338231744,1.0,15
20,20,3.088085987514301,0.0,13
21,21,3.150582867801937,1.0,48
22,22,3.1859680687344807,1.0,12
23,23,3.6929006880311537,1.0,11
24,24,3.346342686486948,1.0,30
25,25,3.201983567193983,1.0,30
26,26,3.021562263443333,0.0,20
27,27,3.2475761986539853,1.0,20
28,28,3.3871995406937976,0.0,25
29,29,3.501283861398643,1.0,25
30,30,3.2645030731381377,1.0,22
31,31,3.499220543091552,1.0,21
32,32,3.3317074353747063,1.0,14
33,33,3.1272633576919677,1.0,20
34,34,2.9957848917951586,1.0,15
35,35,3.244977629243588,1.0,18
36,36,3.197861653165179,1.0,11
37,37,3.3119329014240213,1.0,11
38,38,3.1020326783462857,0.0,11
39,39,3.0643024037079662,1.0,11
40,40,3.317568586527015,0.0,11
41,41,2.938084400861981,1.0,11
42,42,2.844187067292927,1.0,11
43,43,2.818889792713713,1.0,11
44,44,3.0014674826101095,0.0,10
45,45,2.95586259516812,1.0,28
46,46,2.5880251593949994,1.0,11
47,47,2.764786922172157,1.0,11
48,48,2.7123285221544697,1.0,12
49,49,3.175500472854922,1.0,24
0,0,0.4767644039924587,1.0,13
1,1,1.0361229915363663,1.0,13
2,2,1.0997229635182957,0.0,10
3,3,1.3140796930016994,1.0,11
4,4,1.834367942683063,1.0,19
5,5,2.0300064290121362,0.0,17
6,6,2.137487415279344,1.0,33
7,7,2.281377719600229,1.0,30
8,8,2.3888573910574737,0.0,26
9,9,2.418520244992299,1.0,25
10,10,2.6759155098463014,0.0,21
11,11,2.7854719313601293,1.0,17
12,12,2.934950087730252,1.0,18
13,13,3.0518785178603167,1.0,20
14,14,3.1372154689177445,1.0,19
15,15,3.087681676952525,1.0,16
16,16,2.759191968533832,1.0,12
17,17,2.621998126923135,1.0,31
18,18,2.4339561143151403,1.0,16
19,19,2.5509841159416187,1.0,17
20,20,2.630197629647454,1.0,12
21,21,2.882316073447622,1.0,11
22,22,2.7994051393182398,1.0,12
23,23,2.900889732298046,1.0,11
24,24,3.088629917017356,1.0,14
25,25,3.1094228029890205,1.0,14
26,26,3.188704043964173,0.0,11
27,27,3.691792411927649,1.0,11
28,28,3.6990487927521687,1.0,12
29,29,3.5190523855920377,1.0,12
30,30,3.87305367051647,1.0,13
31,31,3.7716657761631245,1.0,13
32,32,3.5149851777145953,0.0,11
33,33,3.355445715576675,1.0,11
34,34,3.422671117250562,0.0,11
35,35,3.3628584848144794,1.0,13
36,36,3.2823516327625515,1.0,11
37,37,3.587894592700881,1.0,11
38,38,3.7935388896205637,1.0,31
39,39,3.5735086533518943,1.0,22
40,40,3.5041887631456814,1.0,14
41,41,3.4011823919850697,1.0,27
42,42,3.489762055884863,1.0,25
43,43,3.9101501440095827,1.0,23
44,44,3.606224163498026,1.0,14
45,45,3.6268928402236806,1.0,27
46,46,3.498702996991868,0.0,25
47,47,3.768285815685154,1.0,24
48,48,3.6155713656008195,1.0,23
49,49,3.169998065749149,1.0,31
0,0,0.4754572336677519,1.0,11
1,1,0.8719771281996519,1.0,11
2,2,0.9626017722602966,1.0,13
3,3,1.306012498126004,1.0,11
4,4,1.6976263611971667,1.0,13
5,5,1.9481412178156379,1.0,11
6,6,2.4839092846533,0.0,10
7,7,2.675795028798325,1.0,11
8,8,2.9811244717617678,1.0,11
9,9,3.124434410441005,1.0,24
10,10,2.8838276017508297,1.0,25
11,11,2.8500359687254284,1.0,13
12,12,2.8510138462554835,1.0,21
13,13,3.451049966781783,1.0,12
14,14,3.1344722695298453,1.0,11
15,15,3.22416032615386,1.0,11
16,16,3.1906285351855295,1.0,12
17,17,3.1795542911543997,1.0,12
18,18,2.929184433356776,0.0,13
19,19,2.8520346449441725,1.0,27
20,20,3.2364511684559845,1.0,13
21,21,2.9489041126012987,1.0,15
22,22,3.0728822599158527,0.0,10
23,23,3.0160903483080976,1.0,19
24,24,3.0259147367055585,1.0,17
25,25,3.223847437551837,1.0,21
26,26,2.8626851195204193,1.0,24
27,27,2.978169429591644,1.0,12
28,28,3.110318491119375,0.0,26
29,29,3.035339212886474,1.0,24
30,30,3.239625726720484,1.0,28
31,31,2.9915354879595912,1.0,24
32,32,2.8504620190583214,1.0,28
33,33,3.373320984271411,1.0,13
34,34,3.4204714020422693,1.0,14
35,35,3.280032537409535,1.0,11
36,36,3.3936670995620504,1.0,11
37,37,3.2657681863319103,1.0,11
38,38,3.574913066486975,1.0,11
39,39,3.411811473688859,1.0,13
40,40,3.574399773362475,1.0,15
41,41,3.457194979276641,1.0,11
42,42,3.173305945202672,1.0,11
43,43,3.5025913114345415,1.0,13
44,44,3.639427061772187,1.0,11
45,45,3.619946750369193,1.0,11
46,46,3.8038441525485416,1.0,11
47,47,3.8368287180813128,1.0,12
48,48,3.4831204343154085,1.0,11
49,49,3.6881976636098015,1.0,15
0,0,0.513487397899141,1.0,12
1,1,1.1056690916830043,1.0,11
2,2,1.2810363636736575,1.0,11
3,3,1.4368070696627642,1.0,33
4,4,1.870172467879914,1.0,22
5,5,1.9268253687762473,1.0,23
6,6,2.182778253335615,1.0,13
7,7,2.6926612193739454,1.0,13
8,8,2.8775204117743374,0.0,11
9,9,2.1788662068782494,1.0,11
10,10,2.262248326799606,1.0,12
11,11,2.3840263760777756,1.0,12
12,12,2.58263807592514,1.0,23
13,13,2.0041312163359173,1.0,25
14,14,2.017030017918767,1.0,16
15,15,2.292528297517353,1.0,25
16,16,2.5609733825705585,1.0,15
17,17,2.84357403092524,1.0,16
18,18,3.199564447608,1.0,17
19,19,3.589508887236162,1.0,50
20,20,3.6299095535925567,0.0,10
21,21,3.3442784990132233,1.0,11
22,22,3.3382588618715037,1.0,11
23,23,3.3425186434791114,1.0,12
24,24,3.351470672520309,1.0,14
25,25,3.088997517126987,1.0,30
26,26,3.131904193943636,1.0,16
27,27,3.2294311763931582,1.0,26
28,28,3.176636747489188,1.0,28
29,29,3.130896120781631,1.0,30
30,30,3.3163410645794325,1.0,29
31,31,3.24930235928145,0.0,28
32,32,3.142734687196341,0.0,26
33,33,2.789317649193892,1.0,21
34,34,3.01135553834381,1.0,24
35,35,2.8024457327940735,1.0,16
36,36,2.7862044829308963,0.0,25
37,37,2.8116181588284177,1.0,24
38,38,2.647037807917998,1.0,32
39,39,2.6684426563781685,1.0,28
40,40,2.5960372998913637,0.0,21
41,41,2.7014700625167323,0.0,25
42,42,2.674544667777477,1.0,29
43,43,2.721199627161264,1.0,22
44,44,2.7155588898724177,0.0,20
45,45,2.7270322642164007,1.0,24
46,46,2.6478152522808482,1.0,21
47,47,2.8131847966151184,1.0,18
48,48,3.0897095693395,1.0,32
49,49,2.8078856248358894,1.0,28
0,0,0.47443910329589706,1.0,13
1,1,0.9421509292138024,1.0,11
2,2,1.554722815130084,1.0,12
3,3,1.37814114361814,1.0,17
4,4,1.6999961595443114,0.0,10
5,5,1.996064271902178,1.0,32
6,6,2.389663127119891,1.0,11
7,7,2.817623477898262,1.0,30
8,8,2.7867946329282254,1.0,30
9,9,2.2955596926308055,1.0,38
10,10,2.3843215110458162,1.0,27
11,11,2.4853886641048546,1.0,32
12,12,2.5267686969681575,0.0,20
13,13,2.8365584162551216,1.0,32
14,14,3.0940243076438567,1.0,32
15,15,2.9081923873193207,1.0,26
16,16,3.032503137804144,0.0,20
17,17,2.873945043318991,1.0,14
18,18,3.0990941286329483,1.0,17
19,19,2.932313731584743,1.0,16
20,20,3.051212684331483,1.0,28
21,21,3.344195088865126,1.0,23
22,22,3.296117625942836,1.0,21
23,23,3.179668858514469,1.0,15
24,24,3.240875979722831,1.0,21
25,25,3.0606484478055376,1.0,23
26,26,3.1072361208430905,1.0,21
27,27,3.1458181060553176,1.0,28
28,28,3.251823165788165,0.0,28
29,29,3.0285222898757036,1.0,16
30,30,3.226886532852063,1.0,22
31,31,3.0502518791919067,1.0,20
32,32,2.8195889756091033,1.0,29
33,33,3.0909818659083457,1.0,29
34,34,3.0761332208172933,1.0,24
35,35,2.9736736551210297,1.0,26
36,36,2.9302834108426308,0.0,14
37,37,3.1557346629133867,0.0,14
38,38,3.1466708428975863,1.0,29
39,39,3.0948732482021675,1.0,18
40,40,2.9073376312927475,1.0,19
41,41,2.8857400707220684,1.0,16
42,42,2.9001130414439924,1.0,13
43,43,2.816245146705504,1.0,14
44,44,3.1137512531451947,1.0,17
45,45,3.1846172976568083,0.0,14
46,46,3.16489441924994,1.0,15
47,47,2.9314975951071274,1.0,26
48,48,2.938080732639359,1.0,30
49,49,2.97199059381227,1.0,32
0,0,0.42378232487452816,1.0,11
1,1,0.9286643886158433,1.0,12
2,2,1.0882202256530746,0.0,10
3,3,1.253720521468787,1.0,11
4,4,1.5265580326129957,1.0,11
5,5,1.4173213235513402,1.0,11
6,6,1.5431326702925843,0.0,10
7,7,1.5791124789099478,1.0,28
8,8,2.020692624071945,1.0,13
9,9,2.0051764655683937,1.0,31
10,10,2.088059872086248,1.0,25
11,11,2.3332002738809776,1.0,19
12,12,2.727596670935676,0.0,16
13,13,2.7534853445100897,1.0,12
14,14,2.773341205816016,1.0,17
15,15,2.7686013214039136,1.0,12
16,16,2.540016887823041,1.0,20
17,17,2.530629396587109,0.0,39
18,18,2.9500399355916063,1.0,18
19,19,3.355127950194106,1.0,20
20,20,3.282727669124582,0.0,23
21,21,3.2495004590708443,0.0,20
22,22,3.329211292946012,1.0,22
23,23,3.3089029628157687,1.0,17
24,24,3.117984466959297,0.0,14
25,25,2.859773818954194,1.0,13
26,26,2.7651185145202106,1.0,11
27,27,2.640146426310153,1.0,23
28,28,2.6612749602698216,1.0,23
29,29,2.767652298457265,1.0,12
30,30,2.9174328067006274,1.0,14
31,31,3.1556241939771565,1.0,16
32,32,3.1266438278328663,1.0,12
33,33,3.312533561802764,1.0,22
34,34,3.420454893848898,1.0,21
35,35,3.393166714571255,1.0,23
36,36,3.0287383730225357,1.0,30
37,37,3.2990598166887333,1.0,21
38,38,2.903402530241046,1.0,24
39,39,2.6409119171562354,1.0,29
40,40,2.73775917587362,1.0,32
41,41,2.737529628305543,1.0,25
42,42,2.6038162328288053,1.0,24
43,43,2.859177646665518,1.0,34
44,44,2.730926702324588,1.0,28
45,45,3.0609586443894687,1.0,31
46,46,2.979744649548194,0.0,22
47,47,2.939445482575189,1.0,26
48,48,2.949380924602607,1.0,27
49,49,2.818347357243907,1.0,31
0,0,0.50625884046451,1.0,11
1,1,0.7684418700416843,1.0,11
2,2,1.2460901399622026,1.0,12
3,3,1.6951077937126358,1.0,39
4,4,1.8480784385620785,1.0,14
5,5,2.18555639996962,1.0,32
6,6,1.863111613205816,1.0,38
7,7,1.834237222766258,1.0,25
8,8,2.0941304204484887,1.0,24
9,9,2.468954320339982,1.0,19
10,10,2.6319044763740367,1.0,18
11,11,2.7415748294444344,1.0,34
12,12,2.9226236554973406,1.0,22
13,13,2.56606862775767,1.0,26
14,14,2.7171771025141926,1.0,23
15,15,2.700202356005788,1.0,25
16,16,2.5698372667453904,1.0,20
17,17,2.486627644820134,1.0,15
18,18,2.6266850956478334,1.0,16
19,19,2.7100175918801472,1.0,17
20,20,3.122616166510758,0.0,11
21,21,3.146564606155819,1.0,11
22,22,3.0855008208248527,1.0,16
23,23,3.332680731693631,1.0,16
24,24,3.5980278002433925,0.0,17
25,25,3.1700694041652233,1.0,12
26,26,2.9322690127323114,1.0,12
27,27,2.78955640156163,1.0,11
28,28,2.7310495783581206,1.0,13
29,29,3.079248062718293,1.0,13
30,30,2.994006020084864,1.0,13
31,31,2.5962311353264313,1.0,20
32,32,2.7375032756751523,1.0,24
33,33,2.5483377033934835,1.0,27
34,34,2.8344574149091573,1.0,23
35,35,3.3832209142221914,1.0,27
36,36,3.3608619534699926,1.0,30
37,37,3.343537878032666,1.0,32
38,38,3.2488027609454515,1.0,34
39,39,3.6777528760697216,1.0,20
40,40,3.6272905975295497,1.0,34
41,41,3.672294425038606,1.0,24
42,42,3.297041040283,1.0,25
43,43,3.197571897720569,1.0,32
44,44,2.9586183954365444,0.0,16
45,45,3.088052656740618,1.0,31
46,46,3.3749823980044584,1.0,21
47,47,3.5886668219740248,1.0,45
48,48,3.3863551779787913,1.0,29
49,49,3.2697005880936887,0.0,24
0,0,0.5158683544343514,1.0,11
1,1,1.087195309703992,1.0,11
2,2,1.108961979760162,1.0,11
3,3,1.2318028169104085,1.0,29
4,4,1.7307102018000462,0.0,24
5,5,1.710342710217072,1.0,35
6,6,2.225930326712495,0.0,29
7,7,2.4686430810864,1.0,37
8,8,2.4396843281501885,1.0,33
9,9,2.415518718558169,1.0,42
10,10,2.5271853870340504,1.0,36
11,11,2.4651758456011446,1.0,35
12,12,2.550045420943661,1.0,30
13,13,2.517263278898974,0.0,15
14,14,2.7496214461745594,1.0,36
15,15,2.8138283276505174,1.0,33
16,16,2.7135569270365445,1.0,34
17,17,2.760501148425378,1.0,30
18,18,2.6610646879894286,1.0,36
19,19,2.642186671800505,1.0,35
20,20,2.6398491307631096,1.0,31
21,21,2.582326500035577,1.0,31
22,22,2.9990405942392653,0.0,33
23,23,2.9195016650198857,1.0,31
24,24,2.759563443021501,1.0,29
25,25,2.712488311625005,1.0,29
26,26,3.0187283195404477,0.0,23
27,27,3.0341688912593288,0.0,24
28,28,2.9356031239645755,1.0,34
29,29,2.943956078619518,1.0,35
30,30,2.8663888484282745,1.0,31
31,31,3.0934289310407967,1.0,32
32,32,2.5558426396569183,1.0,29
33,33,2.4852271574057867,1.0,32
34,34,2.6834234108179764,1.0,23
35,35,2.4869955525235126,1.0,23
36,36,2.9404440655807136,1.0,12
37,37,3.001683848973839,1.0,17
38,38,3.0438426902438627,1.0,17
39,39,2.817524620988834,1.0,19
40,40,3.1007871220470022,1.0,14
41,41,2.502366738432525,1.0,11
42,42,2.7405849884338913,1.0,15
43,43,2.8041257739304286,1.0,11
44,44,2.906325038040973,1.0,11
45,45,3.014276575355812,1.0,11
46,46,2.9150672375229436,1.0,13
47,47,3.0049479196758333,1.0,11
48,48,3.127948430657844,1.0,11
49,49,2.941619221337707,1.0,12
0,0,0.465641821006116,1.0,11
1,1,0.8985107376679914,0.0,12
2,2,1.0646820158143153,1.0,19
3,3,1.6959441141583622,1.0,12
4,4,1.7025002085111656,0.0,13
5,5,2.066893047755446,1.0,14
6,6,1.9730751311378492,1.0,42
7,7,2.3773861101505664,1.0,22
8,8,2.3600787737303586,0.0,18
9,9,2.3649645604519884,1.0,12
10,10,2.3100929054430703,1.0,11
11,11,2.304749821258572,1.0,11
12,12,2.2935892454178206,0.0,10
13,13,2.8112869710849377,1.0,22
14,14,2.768605577012412,1.0,17
15,15,2.6282234855969193,1.0,11
16,16,2.5703746660857676,1.0,31
17,17,2.6641064305033635,1.0,20
18,18,2.7315584435253832,1.0,21
19,19,2.633596863240279,1.0,21
20,20,2.943170387238062,0.0,16
21,21,2.8144667148581926,1.0,14
22,22,2.9583559573124854,1.0,13
23,23,2.9377475355852396,1.0,16
24,24,2.7276295216966204,1.0,15
25,25,2.6356456292804267,1.0,15
26,26,2.7762418866572314,1.0,11
27,27,2.6683519919594225,1.0,14
28,28,2.639892890551022,1.0,11
29,29,2.6713838029178723,1.0,12
30,30,2.7902515393786924,1.0,11
31,31,2.6329467962826243,1.0,15
32,32,2.581154777561999,1.0,21
33,33,2.675940795731917,1.0,31
34,34,2.8283958953400825,1.0,32
35,35,2.7224987126015225,1.0,28
36,36,2.6031659963284195,0.0,20
37,37,2.923916783182729,1.0,20
38,38,3.284498781853002,1.0,15
39,39,3.2313771994280356,1.0,17
40,40,3.2450802778627734,1.0,28
41,41,2.697023028708153,1.0,23
42,42,2.8148917233782633,1.0,23
43,43,2.8106218060263477,1.0,21
44,44,2.942882542607598,1.0,29
45,45,2.8693970484582114,1.0,27
46,46,2.8378049741290563,1.0,22
47,47,2.9603863973545725,1.0,28
48,48,3.3505899690205294,1.0,21
49,49,3.2978868997672333,0.0,14
0,0,0.46541511149045145,1.0,11
1,1,0.9005851502050415,1.0,11
2,2,1.0166755996743169,1.0,12
3,3,1.199105664752395,1.0,11
4,4,1.6299402014188036,0.0,17
5,5,1.88018988465758,1.0,25
6,6,1.6880753091284326,1.0,41
7,7,1.6901608609172025,1.0,40
8,8,1.7814456798405924,1.0,15
9,9,1.7755036931795247,1.0,20
10,10,1.884577075038247,1.0,26
11,11,2.306639419160711,1.0,25
12,12,2.0383461853205493,1.0,21
13,13,2.2647040375695933,1.0,14
14,14,2.4290920691550566,1.0,17
15,15,2.6093974123560533,1.0,29
16,16,2.4811146229708436,1.0,27
17,17,2.234590428849665,1.0,23
18,18,2.4064016205457843,1.0,21
19,19,2.6740659174649584,1.0,29
20,20,2.5228949426650966,1.0,27
21,21,2.561581275148354,1.0,22
22,22,2.6483089825402897,1.0,30
23,23,2.8680302095110384,1.0,28
24,24,3.0452711050072088,1.0,32
25,25,3.1411901514806337,1.0,23
26,26,2.842510722942741,0.0,33
27,27,2.7910451650430455,1.0,34
28,28,2.5467871132992794,1.0,28
29,29,2.7190728471263217,0.0,23
30,30,2.85271918647115,1.0,28
31,31,2.8430269049514494,1.0,26
32,32,2.748558497867756,0.0,19
33,33,2.6605688610619933,1.0,27
34,34,2.5519508956153936,1.0,16
35,35,2.597284784641376,1.0,27
36,36,2.2011167023321634,0.0,24
37,37,2.549399294931157,1.0,17
38,38,2.991477593254184,1.0,22
39,39,2.9490070070987366,1.0,24
40,40,3.0387483112472102,1.0,28
41,41,3.0773734274286,1.0,28
42,42,2.9681588661394813,1.0,26
43,43,2.9854569548272996,1.0,24
44,44,3.2186919510462815,1.0,20
45,45,2.749588827813495,0.0,11
46,46,2.6307799376596517,0.0,14
47,47,2.7181361243762066,0.0,14
48,48,3.1559403082734487,1.0,32
49,49,3.097580945782604,1.0,21
0,0,0.4521550960337284,1.0,30
1,1,0.92648915930793,1.0,11
2,2,1.2425717690444693,1.0,13
3,3,1.7605349563369308,1.0,16
4,4,1.9421499836018907,1.0,34
5,5,2.000632327851131,1.0,27
6,6,2.410455033260367,0.0,23
7,7,2.2124129957206167,1.0,35
8,8,2.0220011696881444,1.0,28
9,9,2.278359408004997,1.0,20
10,10,2.236370045857877,0.0,28
11,11,2.5972108682543507,1.0,27
12,12,2.5519096974802715,0.0,12
13,13,2.829878570410007,1.0,29
14,14,2.7855003303725665,1.0,28
15,15,2.8789568581355067,1.0,27
16,16,2.652424026918264,1.0,20
17,17,3.140971201825707,1.0,18
18,18,3.0918037550082498,1.0,24
19,19,2.7355468557857257,1.0,16
20,20,2.7462629941881533,1.0,14
21,21,3.001046204651092,1.0,12
22,22,2.5274962252120665,0.0,11
23,23,2.705968568968688,0.0,14
24,24,2.7302483347939233,1.0,17
25,25,2.605884765312562,1.0,18
26,26,2.7049426652965165,1.0,13
27,27,2.621176704187598,1.0,11
28,28,2.7398536336178942,1.0,11
29,29,2.7348097001536336,1.0,11
30,30,2.7897096005107076,1.0,12
31,31,2.6190155375266504,1.0,11
32,32,2.51269365727377,1.0,11
33,33,2.5369023969486815,1.0,12
34,34,2.697299648534195,1.0,14
35,35,2.5944625945276707,1.0,12
36,36,2.5965616407366863,1.0,11
37,37,2.9914935349596794,1.0,11
38,38,2.8130634913329318,1.0,11
39,39,2.766221248253257,1.0,11
40,40,3.2209020514839914,0.0,10
41,41,3.186007170738451,1.0,31
42,42,3.565926499401061,1.0,11
43,43,3.162263090732413,1.0,12
44,44,2.91073688680741,1.0,18
45,45,3.1083780275138806,1.0,20
46,46,2.9217509677785816,1.0,14
47,47,2.8376597172770346,1.0,20
48,48,2.810438359918406,1.0,27
49,49,2.819243712938086,1.0,14
0,0,0.5282890320738897,1.0,12
1,1,0.9016147883696061,1.0,11
2,2,1.3285946768198942,1.0,34
3,3,1.487735723210472,1.0,11
4,4,1.9178327953637404,1.0,37
5,5,1.8692236632222836,1.0,12
6,6,2.1527760148843327,0.0,11
7,7,2.011099458868415,1.0,11
8,8,2.370738864522846,1.0,11
9,9,2.3544592907485686,1.0,13
10,10,2.567003856671472,1.0,11
11,11,2.4703402221392983,1.0,11
12,12,2.453178366049917,1.0,11
13,13,2.4696800052373495,1.0,12
14,14,2.5031311217053895,1.0,11
15,15,2.573941585522746,1.0,11
16,16,2.676486115536958,0.0,11
17,17,2.7187834897510093,1.0,11
18,18,2.933752639591919,1.0,11
19,19,2.9467340216350855,1.0,11
20,20,2.445162484338298,0.0,13
21,21,2.238110282953208,1.0,12
22,22,2.5573798821938865,1.0,13
23,23,2.5439253077689576,1.0,11
24,24,2.680030137973099,0.0,10
25,25,2.6523263580076333,1.0,11
26,26,2.8832451386716826,1.0,12
27,27,2.9820044461137,1.0,11
28,28,3.188271996044101,0.0,10
29,29,3.2518994529512764,1.0,11
30,30,3.079420830120553,0.0,10
31,31,3.027867462104664,1.0,11
32,32,3.128108385701526,1.0,11
33,33,2.749001871126962,1.0,12
34,34,2.788276039376873,1.0,11
35,35,3.1448349195637255,1.0,11
36,36,2.8949823004360327,1.0,12
37,37,2.944340924055444,1.0,11
38,38,2.9679827148244504,1.0,13
39,39,3.0438720172830735,1.0,11
40,40,2.8894138853228086,1.0,12
41,41,3.042644557964935,1.0,11
42,42,3.576708421464831,1.0,11
43,43,3.641957064676697,1.0,13
44,44,3.669397759043302,1.0,20
45,45,3.824771538389222,1.0,18
46,46,3.456449900336736,1.0,19
47,47,3.4418740113757056,1.0,16
48,48,3.4805668546025235,1.0,11
49,49,3.3333424749770844,1.0,13
0,0,0.46215221238424736,1.0,11
1,1,0.9810164903107651,1.0,11
2,2,0.9967016662418714,0.0,11
3,3,1.232479503787897,1.0,11
4,4,1.526005269628669,1.0,19
5,5,1.9458025657998543,1.0,11
6,6,2.190586402134837,1.0,27
7,7,2.0205885476510006,1.0,22
8,8,2.3816388191126063,0.0,19
9,9,2.421615977349352,1.0,21
10,10,2.6093049907950556,1.0,30
11,11,2.5472303350251106,0.0,11
12,12,2.990608871474625,1.0,28
13,13,3.116952896665703,1.0,20
14,14,2.947245032785036,1.0,13
15,15,2.977118400830549,1.0,11
16,16,3.095247360018153,1.0,13
17,17,3.127621019152006,1.0,26
18,18,3.3363556732373163,0.0,28
19,19,3.488172242897978,1.0,40
20,20,3.4018844941269712,1.0,21
21,21,3.4817697988070977,1.0,22
22,22,2.9915150134148014,0.0,13
23,23,3.016234955423639,1.0,16
24,24,3.003993289285091,1.0,13
25,25,3.26874424562747,1.0,11
26,26,3.036326887986739,0.0,17
27,27,2.9803702629232562,1.0,16
28,28,2.864190122505171,1.0,19
29,29,3.022981486039593,1.0,31
30,30,3.246434461046097,1.0,11
31,31,3.4410698348983035,1.0,11
32,32,3.615751692487771,1.0,11
33,33,3.4854194925395428,1.0,12
34,34,3.3252399980405354,1.0,11
35,35,3.3392218069144937,1.0,11
36,36,3.257200634072934,1.0,11
37,37,3.043445953530409,1.0,12
38,38,3.193299477107743,1.0,11
39,39,3.242947923681954,1.0,17
40,40,3.1846587753651323,1.0,12
41,41,3.1738994574433517,1.0,12
42,42,3.2334497249578735,1.0,12
43,43,3.1717530617811707,1.0,11
44,44,3.1515652229001327,0.0,11
45,45,3.0802106208623674,1.0,32
46,46,3.397747739287702,1.0,13
47,47,3.2003360852967053,1.0,13
48,48,3.019391112888116,1.0,12
49,49,2.912432745924787,1.0,11
0,0,0.46933273137235937,1.0,11
1,1,1.025687364332481,1.0,11
2,2,1.140225292420163,1.0,11
3,3,1.6074491171269683,1.0,11
4,4,1.8856063978842375,1.0,14
5,5,2.375366303168922,1.0,27
6,6,2.811707543512045,1.0,17
7,7,3.0150278261080117,1.0,42
8,8,2.9006551452699076,1.0,20
9,9,3.244260506102192,1.0,24
10,10,2.6170286269293475,1.0,25
11,11,2.422950576196133,0.0,13
12,12,2.4634852762458825,0.0,14
13,13,2.4652635380137093,1.0,19
14,14,2.6070751005600195,1.0,22
15,15,2.598565712492664,0.0,24
16,16,2.56585868397595,1.0,29
17,17,2.3296742429005444,1.0,21
18,18,2.664587809389593,1.0,32
19,19,2.767691187455441,0.0,34
20,20,2.5536964241944777,0.0,31
21,21,3.1556097084477432,1.0,32
22,22,2.8910635380749956,1.0,35
23,23,3.318691103362168,1.0,23
24,24,3.5431864199578853,0.0,24
25,25,3.55031075154955,1.0,24
26,26,3.5118126368665012,1.0,24
27,27,3.3157631102703715,1.0,17
28,28,2.985841162249499,0.0,21
29,29,2.8968425337590356,1.0,20
30,30,2.700493210511775,0.0,24
31,31,2.7446005985807242,1.0,25
32,32,2.888741785947461,0.0,25
33,33,2.879060670908102,1.0,28
34,34,3.2217855447821937,0.0,13
35,35,3.231288458243366,1.0,25
36,36,3.3608429346804103,0.0,23
37,37,2.9688891756284446,1.0,14
38,38,2.7111989676010477,1.0,30
39,39,2.8314811702311973,1.0,28
40,40,2.6207271668441687,0.0,24
41,41,2.8562290544969757,1.0,32
42,42,2.8826207611503953,1.0,23
43,43,2.672553793055088,1.0,14
44,44,2.614638550439848,1.0,12
45,45,2.676824617937985,1.0,18
46,46,2.534174907631523,1.0,13
47,47,2.795549587351957,1.0,13
48,48,3.273970649367496,1.0,20
49,49,2.9134716132849965,1.0,15
0,0,0.4632813836164655,1.0,11
1,1,1.0052310042217796,1.0,12
2,2,1.5290923198455082,1.0,11
3,3,1.9698523002940826,1.0,11
4,4,2.4426596394140967,1.0,11
5,5,2.413911875140526,1.0,11
6,6,2.0717113393388726,1.0,11
7,7,2.5283661385653167,1.0,11
8,8,2.4241630408261825,1.0,12
9,9,2.3041540312568842,1.0,11
10,10,2.4844590135395976,1.0,12
11,11,2.406882965352283,1.0,46
12,12,2.6600931106908954,1.0,11
13,13,2.932915366391582,1.0,12
14,14,2.928747931133984,0.0,11
15,15,3.192177977914653,1.0,29
16,16,3.37162889958582,0.0,10
17,17,2.96540370509601,1.0,11
18,18,3.309816115103008,1.0,15
19,19,3.1007701858646586,1.0,41
20,20,3.3444757671172938,1.0,28
21,21,3.088608026373566,1.0,35
22,22,2.9222676620967714,0.0,23
23,23,2.8036617851964554,1.0,18
24,24,2.920822408444202,1.0,18
25,25,3.000894320129896,1.0,13
26,26,2.8250924769869026,1.0,15
27,27,2.832323448724015,1.0,22
28,28,2.955723611554893,0.0,19
29,29,2.773922561981327,1.0,11
30,30,2.9317361784282014,1.0,31
31,31,3.01782687685914,1.0,11
32,32,3.1776830323390133,0.0,10
33,33,3.2736311030762573,1.0,13
34,34,2.902937508785703,0.0,11
35,35,3.390093945450726,1.0,11
36,36,3.345580021037449,1.0,20
37,37,3.023107427643293,1.0,15
38,38,3.3246553899784357,1.0,20
39,39,3.2560128321865296,1.0,19
40,40,3.0377884914942572,1.0,28
41,41,2.95780700449478,1.0,11
42,42,2.8387809238554227,1.0,11
43,43,3.166028762624396,1.0,14
44,44,3.176142487255447,1.0,15
45,45,3.1381585162528407,1.0,28
46,46,3.509290873927144,1.0,20
47,47,3.5719128420426522,1.0,24
48,48,3.7200612617819853,1.0,21
49,49,3.2649652315525284,1.0,19
0,0,0.4820264692745261,1.0,11
1,1,0.8701075228152793,1.0,13
2,2,1.5193288073332223,1.0,11
3,3,1.7305968336958177,1.0,20
4,4,1.8131467907997127,1.0,20
5,5,2.113945145847209,1.0,24
6,6,1.9280752492020785,1.0,11
7,7,2.100784347761941,1.0,40
8,8,2.24056953246342,1.0,13
9,9,2.411012295270817,1.0,11
10,10,2.5955248630295205,1.0,11
11,11,2.5238191207530214,1.0,13
12,12,2.4689005431084663,1.0,14
13,13,2.5018052602893985,1.0,13
14,14,2.5790184207872358,1.0,11
15,15,2.6214131054211927,1.0,50
16,16,2.654247720956471,1.0,13
17,17,2.6733517888466776,1.0,19
18,18,2.744451003005711,0.0,20
19,19,2.7648254319369,1.0,15
20,20,2.759474751589667,1.0,19
21,21,2.914827432441079,1.0,17
22,22,2.958402856302669,1.0,11
23,23,2.935970989193448,1.0,14
24,24,2.997364214414364,1.0,16
25,25,3.1197998785051277,1.0,11
26,26,2.953278229538985,1.0,18
27,27,2.9845523613394205,1.0,24
28,28,3.0232807726185,1.0,22
29,29,2.878844752297595,0.0,22
30,30,3.0697695420334314,1.0,22
31,31,3.026182315190688,1.0,15
32,32,3.1795156050136484,0.0,13
33,33,3.1160235205321825,1.0,14
34,34,3.0668541832821274,1.0,14
35,35,2.838544060062964,1.0,14
36,36,3.197410784151398,1.0,20
37,37,3.248769648429561,1.0,16
38,38,3.2506629149996966,1.0,13
39,39,3.3293264392097814,1.0,20
40,40,3.163642504333908,1.0,22
41,41,2.886101345827754,1.0,23
42,42,3.1242177408985468,1.0,16
43,43,2.9903194796560633,1.0,19
44,44,2.674349130611313,1.0,26
45,45,2.6257309217679783,1.0,23
46,46,2.754751866706948,1.0,33
47,47,3.00075651013097,1.0,30
48,48,3.3061277698831324,1.0,27
49,49,3.434212587568332,1.0,32
0,0,0.49538214095052713,1.0,11
1,1,1.13889128317987,1.0,11
2,2,1.4509730492529493,1.0,11
3,3,1.9526785820053578,1.0,11
4,4,2.0555326658039443,1.0,13
5,5,1.7522403359222043,1.0,11
6,6,1.6749718542617609,1.0,11
7,7,1.788660441193764,1.0,11
8,8,1.943330796648605,1.0,11
9,9,2.0551005460422833,1.0,11
10,10,2.2755952901895142,1.0,12
11,11,2.1729838201755154,0.0,16
12,12,2.2377693673457615,1.0,13
13,13,2.27634334699885,1.0,45
14,14,2.4785595517680052,1.0,18
15,15,2.3819964858406193,1.0,15
16,16,1.948515356400891,1.0,12
17,17,2.2917179007502293,1.0,16
18,18,1.9285691299122958,1.0,11
19,19,2.100450547519198,1.0,27
20,20,2.6906289132103822,1.0,28
21,21,2.8631117797105765,1.0,29
22,22,2.7395857556636987,1.0,24
23,23,3.1422223582913746,0.0,24
24,24,3.139108174267575,1.0,30
25,25,3.004382011700025,1.0,27
26,26,3.329099189472247,1.0,34
27,27,2.9952399890613006,1.0,33
28,28,2.9951280931149027,1.0,32
29,29,3.0761306063342997,1.0,41
30,30,2.8158529804657824,1.0,30
31,31,2.773213410929543,1.0,28
32,32,2.819271674537395,0.0,18
33,33,3.118807016879407,1.0,22
34,34,2.7265308114472573,1.0,15
35,35,2.6174395075672434,1.0,15
36,36,2.636315866615281,1.0,16
37,37,2.687560219793944,1.0,11
38,38,2.5986283444778167,1.0,11
39,39,2.607568014129058,1.0,18
40,40,2.9798011785856637,1.0,27
41,41,2.895956678782892,1.0,18
42,42,3.1347086426496653,1.0,21
43,43,3.183020810763011,1.0,27
44,44,3.074452018299821,1.0,20
45,45,3.029593396181991,1.0,30
46,46,3.0369083322354564,1.0,17
47,47,3.0451520465084823,1.0,48
48,48,2.905394834945306,1.0,26
49,49,2.861676411435137,1.0,28
0,0,0.5109261897208053,1.0,28
1,1,1.082825797534391,0.0,15
2,2,0.8796753059390705,1.0,13
3,3,1.0737956584113024,1.0,12
4,4,1.2745870389311158,1.0,11
5,5,1.4414787819017818,1.0,19
6,6,1.8590984243340698,1.0,20
7,7,1.910382257597211,1.0,21
8,8,2.336868963613405,1.0,14
9,9,2.3072617485418583,1.0,35
10,10,2.2089041970926284,1.0,22
11,11,2.463541025026303,1.0,21
12,12,2.572117057608778,1.0,16
13,13,3.0136173989801223,1.0,16
14,14,2.9594245033526883,1.0,17
15,15,2.6164492578304186,1.0,14
16,16,2.51199795512011,0.0,17
17,17,2.5644159532713764,1.0,20
18,18,2.5202173061662467,1.0,16
19,19,2.5715770832082976,1.0,17
20,20,2.933677897316035,1.0,13
21,21,2.9402089357714374,1.0,12
22,22,2.8404798598604537,1.0,11
23,23,2.800838836947186,1.0,13
24,24,2.972931633444093,1.0,11
25,25,3.311285853703733,1.0,11
26,26,3.2510923384913637,1.0,13
27,27,2.8745712547648146,1.0,15
28,28,3.0617331880613516,1.0,16
29,29,3.028374085550528,1.0,25
30,30,3.176997575673175,0.0,15
31,31,3.0552430986691177,1.0,18
32,32,2.949398778678548,1.0,24
33,33,2.9636398864523543,1.0,26
34,34,2.9102825702258133,0.0,25
35,35,3.3078355892201303,1.0,25
36,36,3.2515221602248268,1.0,25
37,37,3.539144913930546,1.0,22
38,38,3.343546750027318,1.0,29
39,39,3.218647380798663,1.0,27
40,40,3.1870041790536616,1.0,24
41,41,3.4009098131736497,1.0,19
42,42,3.5411271985850004,1.0,24
43,43,3.3470420858756595,1.0,17
44,44,3.3832817076931763,0.0,20
45,45,3.3743967242201207,1.0,20
46,46,3.2091265675628566,1.0,21
47,47,3.001040836771243,1.0,26
48,48,2.899055904509854,1.0,24
49,49,3.158218059817473,1.0,29
0,0,0.5054770673011794,1.0,11
1,1,0.9643973287631917,1.0,12
2,2,1.246241226533781,1.0,11
3,3,1.2384318121391618,1.0,11
4,4,1.3948311131393254,1.0,11
5,5,1.4556732724683268,1.0,13
6,6,1.8345017704849125,0.0,17
7,7,1.8690981695694495,1.0,19
8,8,2.019035298269176,1.0,15
9,9,2.074120248828225,1.0,32
10,10,2.332935724145921,0.0,11
11,11,2.3493440964462393,1.0,42
12,12,2.1699510967751077,1.0,16
13,13,2.5174055075684745,1.0,20
14,14,2.5876813583500344,0.0,11
15,15,2.4127962700886023,1.0,16
16,16,2.4640650480999775,1.0,18
17,17,2.5833082779218945,1.0,27
18,18,2.693781270374948,1.0,25
19,19,2.8564863056645544,1.0,18
20,20,2.6864256828740873,1.0,29
21,21,2.7677283293731687,1.0,26
22,22,2.908622222099955,1.0,22
23,23,2.937186613577234,1.0,22
24,24,3.034610740374676,0.0,14
25,25,3.017129917136516,1.0,15
26,26,2.909995271137419,1.0,11
27,27,2.808192924789096,1.0,11
28,28,3.2911831290863636,1.0,12
29,29,3.2308619492932773,1.0,11
30,30,3.3806453817019015,1.0,16
31,31,3.11604264891018,1.0,14
32,32,3.3712576367512517,1.0,13
33,33,3.0268137286057697,1.0,11
34,34,3.133121805259828,0.0,14
35,35,3.3302175683432624,1.0,23
36,36,2.92055631056459,1.0,16
37,37,2.9137674409831096,1.0,27
38,38,3.053524685354953,0.0,10
39,39,3.200900048765916,1.0,21
40,40,3.42942043615493,1.0,21
41,41,3.6663769598347176,1.0,16
42,42,3.503778521956547,1.0,18
43,43,3.3486729825159296,1.0,20
44,44,3.707296078114969,1.0,29
45,45,3.5286480834334166,1.0,20
46,46,3.2631410379682437,1.0,20
47,47,3.337629293345214,1.0,34
48,48,3.3246574638236344,1.0,23
49,49,3.3675557359471098,1.0,22
0,0,0.5482517344388081,1.0,27
1,1,0.9334558153944463,1.0,11
2,2,1.3585898890683614,1.0,13
3,3,1.770545340720652,0.0,12
4,4,1.905766714792163,1.0,20
5,5,2.2628339499829226,1.0,21
6,6,2.1000618016187595,1.0,17
7,7,2.5827435209879375,1.0,23
8,8,2.6084924021879003,1.0,16
9,9,2.3323980784364,1.0,11
10,10,2.171984256236881,0.0,13
11,11,2.4611361231552653,1.0,17
12,12,2.30749820434552,1.0,14
13,13,2.616270742447828,1.0,27
14,14,2.6387539407869816,1.0,16
15,15,3.077693548698739,0.0,16
16,16,2.934748657806688,0.0,20
17,17,2.793752448254059,1.0,14
18,18,3.029241715485234,1.0,11
19,19,3.018988799285027,1.0,32
20,20,3.088454277787994,1.0,22
21,21,2.888018992116529,1.0,14
22,22,3.2155983957606384,1.0,26
23,23,3.12955194501893,1.0,27
24,24,2.9665014251120194,1.0,24
25,25,3.168153337685541,1.0,33
26,26,3.318586998689918,1.0,26
27,27,3.012765173749081,1.0,31
28,28,2.9752224348612897,1.0,34
29,29,2.8895253696389975,1.0,36
30,30,2.719624629465006,1.0,40
31,31,2.6980450875832758,0.0,31
32,32,2.9671186586920806,0.0,27
33,33,2.9684433975882056,1.0,36
34,34,3.19804276164979,1.0,32
35,35,3.1590288425928943,1.0,25
36,36,2.9204283155542035,1.0,33
37,37,3.102864074707972,1.0,34
38,38,3.092975572741851,1.0,29
39,39,2.9784099084076323,1.0,30
40,40,3.151146647714218,1.0,24
41,41,3.516397065549475,1.0,21
42,42,3.5717062309489194,1.0,17
43,43,3.427595550322373,1.0,20
44,44,3.2617362482717374,1.0,16
45,45,3.525137122912061,1.0,16
46,46,3.704275035294528,1.0,16
47,47,3.315167802999949,1.0,28
48,48,3.7153166902826333,1.0,14
49,49,3.7377113584214885,1.0,20
0,0,0.49675797509033087,1.0,12
1,1,0.9465907243619335,1.0,11
2,2,0.9708929706292453,0.0,17
3,3,1.6177062440484313,0.0,11
4,4,1.8073198888611508,0.0,15
5,5,1.7770099866675975,1.0,18
6,6,2.097078178615231,1.0,13
7,7,2.045840368602269,1.0,43
8,8,1.9905567880804524,1.0,15
9,9,2.306063865485545,1.0,14
10,10,1.9964863038494396,1.0,29
11,11,1.946327224190009,1.0,22
12,12,1.9659640801697373,1.0,20
13,13,2.072849233201017,1.0,21
14,14,2.2164178975243694,1.0,24
15,15,2.4871917929899734,1.0,18
16,16,2.4864577705706727,1.0,14
17,17,2.7092914002698443,1.0,11
18,18,2.8859174673991506,1.0,11
19,19,2.688130739730785,1.0,11
20,20,2.7404914597569423,1.0,12
21,21,2.791501696072459,1.0,11
22,22,3.0722679300228948,1.0,11
23,23,2.747878860845602,1.0,11
24,24,3.0355249673770257,1.0,11
25,25,2.9283640162868543,1.0,11
26,26,3.0209739848347765,1.0,11
27,27,2.744889529979485,1.0,12
28,28,3.0419346668636162,0.0,11
29,29,2.898309683066456,1.0,27
30,30,3.0968300290625224,0.0,21
31,31,2.895794946546026,1.0,17
32,32,2.8628959408122983,1.0,32
33,33,2.698286890485848,1.0,30
34,34,2.5952754213384863,0.0,33
35,35,2.70196477444335,1.0,31
36,36,2.8681105913338887,1.0,35
37,37,2.792046831343251,1.0,33
38,38,2.949633262592364,1.0,34
39,39,2.865941548782537,1.0,31
40,40,3.1304602854419055,1.0,35
41,41,3.0530194330653706,1.0,31
42,42,2.7687031261566863,1.0,28
43,43,2.7006736180511894,1.0,31
44,44,2.87466210148639,1.0,27
45,45,2.9364564024497413,1.0,27
46,46,2.720767708336959,0.0,28
47,47,2.8178731762661364,1.0,39
48,48,2.780181408596452,1.0,27
49,49,2.6459078016521635,1.0,25
0,0,0.4829170663092933,1.0,11
1,1,1.063570885963297,1.0,15
2,2,0.8329093537309433,1.0,11
3,3,1.4449885560914166,1.0,11
4,4,1.4683961841664839,1.0,11
5,5,1.4386522412245797,1.0,11
6,6,1.7338677357574612,1.0,11
7,7,1.7158738509676021,1.0,11
8,8,1.5974995148208226,0.0,11
9,9,2.0985405969731117,1.0,11
10,10,2.7192791286268627,1.0,13
11,11,2.6864552915039845,1.0,23
12,12,2.6103298057732123,0.0,22
13,13,2.612622004961955,1.0,28
14,14,2.6716144379679796,1.0,49
15,15,2.5537412844396856,1.0,34
16,16,2.6048455810270035,1.0,18
17,17,2.3842811589428887,1.0,27
18,18,2.271428400279621,1.0,24
19,19,2.251116217051489,1.0,16
20,20,2.449706984318073,1.0,22
21,21,2.7813720479988664,1.0,25
22,22,2.783881290581278,1.0,18
23,23,2.739352172184421,1.0,16
24,24,2.9032120664187926,1.0,22
25,25,2.8301942564379177,1.0,21
26,26,2.815087322233991,0.0,27
27,27,2.6758455044536387,1.0,18
28,28,2.9627506575197367,1.0,29
29,29,2.8002976772989734,1.0,29
30,30,2.8899409719794575,1.0,30
31,31,2.90801789256251,1.0,24
32,32,3.296098835732163,1.0,21
33,33,2.7456956121469154,1.0,19
34,34,3.0531036560713356,1.0,30
35,35,3.1672223211441684,1.0,29
36,36,3.504628656082555,1.0,28
37,37,3.5743912533071844,1.0,22
38,38,3.220821883199723,1.0,19
39,39,3.3421059801999977,1.0,26
40,40,3.6791046295659777,1.0,40
41,41,3.4440453795698023,1.0,23
42,42,3.412285823974786,1.0,18
43,43,3.632713726209715,1.0,26
44,44,3.5190010606490527,1.0,17
45,45,3.277266753731494,1.0,18
46,46,3.186817223271417,1.0,28
47,47,3.010180161583872,1.0,26
48,48,3.2478415283441358,1.0,20
49,49,3.363865687405706,1.0,19
0,0,0.5054771226817998,1.0,11
1,1,1.0940589015645195,1.0,11
2,2,1.567002712792586,1.0,11
3,3,1.5391069143842775,1.0,11
4,4,1.6894195680872377,1.0,33
5,5,2.1170509317585062,1.0,22
6,6,2.112266569760358,1.0,13
7,7,2.0425126640343634,1.0,20
8,8,2.3741524452154734,1.0,22
9,9,2.5143124322856463,1.0,28
10,10,2.723878078915766,1.0,24
11,11,2.536507405778338,1.0,31
12,12,2.322898471821205,0.0,15
13,13,2.3435829100808827,1.0,33
14,14,2.7493413361947363,1.0,35
15,15,2.7986411890552807,1.0,34
16,16,3.003330397127068,1.0,29
17,17,2.7107564536774214,1.0,31
18,18,2.675663235800549,0.0,24
19,19,2.56592867061685,1.0,28
20,20,2.871745993544913,1.0,27
21,21,2.569811821998262,1.0,35
22,22,2.646750616294253,1.0,32
23,23,2.6238652086182603,0.0,31
24,24,2.555941890289319,0.0,33
25,25,2.779911524977893,1.0,24
26,26,2.854555607920228,1.0,33
27,27,2.599980088917839,1.0,29
28,28,2.540109598695358,1.0,35
29,29,2.890154968915428,1.0,33
30,30,2.9658508777258574,1.0,31
31,31,3.080659665974631,1.0,29
32,32,2.991219914027615,1.0,30
33,33,2.9322370164084433,1.0,26
34,34,2.9724257883679273,0.0,32
35,35,2.8938081932941806,0.0,26
36,36,2.8082124943045517,1.0,30
37,37,2.733280633009538,1.0,31
38,38,2.93149240168541,1.0,26
39,39,2.9112302642831174,0.0,24
40,40,2.9441740184033556,1.0,36
41,41,2.83797402503286,0.0,21
42,42,2.9035821592825966,1.0,21
43,43,3.1322084656963933,1.0,33
44,44,3.0954729275801074,1.0,32
45,45,3.5454531068033774,1.0,31
46,46,3.698425124462997,0.0,27
47,47,3.322610105393232,1.0,28
48,48,3.6969303813648593,0.0,30
49,49,3.5160397180832215,0.0,21
0,0,0.4459575626101026,1.0,11
1,1,0.9522811522975241,1.0,13
2,2,0.9749816201440447,1.0,11
3,3,1.6477475942741382,1.0,12
4,4,1.4216819721320417,1.0,14
5,5,1.7087576192889005,1.0,12
6,6,1.8381969957991957,1.0,11
7,7,2.2198173541330157,1.0,15
8,8,2.3593766451210887,1.0,30
9,9,2.310293886268142,1.0,25
10,10,2.3375820372430773,1.0,33
11,11,2.4842499622712917,1.0,28
12,12,2.376045758116131,1.0,27
13,13,2.8012386526215765,1.0,31
14,14,2.732307495631441,1.0,20
15,15,2.774811449858712,1.0,22
16,16,2.700926571320768,1.0,23
17,17,2.446886009901437,1.0,30
18,18,2.6863202447859846,1.0,30
19,19,3.351833288624908,1.0,25
20,20,3.014929490590396,1.0,21
21,21,2.949376979901192,1.0,14
22,22,3.276320606671327,1.0,14
23,23,3.267061953671736,1.0,15
24,24,3.3032452126086076,1.0,24
25,25,3.1013023887256947,1.0,26
26,26,3.208960447372798,1.0,28
27,27,3.431091913506791,1.0,26
28,28,3.1926947295809067,1.0,24
29,29,3.331915165791015,1.0,20
30,30,3.274171305511411,1.0,18
31,31,3.111702584320487,1.0,24
32,32,2.942757291877599,0.0,22
33,33,2.865309796304161,0.0,24
34,34,3.3009721429461214,1.0,29
35,35,3.269760983589279,1.0,30
36,36,3.654390714229724,1.0,28
37,37,3.6044188796792764,1.0,30
38,38,3.3437491943254223,1.0,25
39,39,3.3510649501868666,1.0,28
40,40,3.3258010768438035,1.0,21
41,41,3.2928106636627534,1.0,29
42,42,3.3981699614550633,1.0,28
43,43,2.9996460480249576,1.0,20
44,44,3.0123906824130073,1.0,21
45,45,2.989667464083227,1.0,22
46,46,2.850268743573935,1.0,20
47,47,2.7164233271254354,1.0,17
48,48,2.8385959077267353,1.0,29
49,49,2.831370918733474,1.0,20
0,0,0.416536301870117,1.0,11
1,1,1.0318487262828737,1.0,11
2,2,1.0376150759457272,1.0,11
3,3,1.3505288552405712,1.0,24
4,4,1.5549263737452172,1.0,27
5,5,1.6390312116994836,1.0,25
6,6,2.325368743363893,1.0,23
7,7,2.845742901268239,1.0,29
8,8,2.5217839378440545,1.0,21
9,9,2.111046391021562,1.0,23
10,10,2.3847076780026017,1.0,20
11,11,2.461150750464248,1.0,24
12,12,2.383561018216192,1.0,20
13,13,2.836554555599367,1.0,16
14,14,3.086673794355348,1.0,18
15,15,3.2208536305078055,0.0,11
16,16,3.2214713818121052,1.0,15
17,17,2.8129579037304935,1.0,14
18,18,2.857794097752615,0.0,16
19,19,2.6200664955212583,1.0,16
20,20,3.010730446441589,0.0,14
21,21,2.908923774692048,1.0,13
22,22,2.550980413715051,1.0,17
23,23,2.793084912831511,1.0,14
24,24,2.82955942910553,1.0,22
25,25,2.9488788013155944,1.0,22
26,26,3.1222740420809525,1.0,21
27,27,3.35964199372263,1.0,32
28,28,3.4985009631561415,0.0,21
29,29,3.7717178573136607,1.0,21
30,30,3.4919171410777166,1.0,20
31,31,3.42249598727433,1.0,26
32,32,3.482164816841525,1.0,12
33,33,3.2390994932393222,1.0,13
34,34,3.40842167919132,1.0,11
35,35,3.621621561192317,0.0,13
36,36,3.430397221595516,1.0,13
37,37,3.3201925768349776,1.0,28
38,38,3.446233920936061,1.0,24
39,39,3.535319568398813,1.0,25
40,40,3.718708545948973,1.0,20
41,41,3.7734709180819657,1.0,26
42,42,3.429030709476334,1.0,20
43,43,3.4270653768073274,1.0,31
44,44,3.3124684680428165,1.0,21
45,45,3.3584114673411003,1.0,19
46,46,3.364387585193526,1.0,29
47,47,3.4996870750914124,1.0,25
48,48,3.136285501135735,1.0,25
49,49,3.251475928889069,1.0,18
0,0,0.49270095827686244,1.0,11
1,1,0.7083978369390705,1.0,11
2,2,1.2292987890522755,1.0,13
3,3,1.2596708284890366,1.0,11
4,4,1.7109938772688038,1.0,11
5,5,2.1070853205494413,1.0,11
6,6,2.1514780004521916,0.0,10
7,7,2.0647819456531296,1.0,11
8,8,2.022274725844796,1.0,13
9,9,2.573570107360119,1.0,11
10,10,2.7107541823140875,1.0,18
11,11,2.6829927294826246,1.0,19
12,12,2.757641128209761,0.0,22
13,13,2.9633189621259173,1.0,24
14,14,2.837272774393753,0.0,14
15,15,2.6857178474055687,1.0,13
16,16,2.9234790627727336,1.0,27
17,17,2.910478284856274,1.0,13
18,18,2.979125726018418,1.0,15
19,19,2.851450750191536,1.0,18
20,20,3.21444571767025,0.0,11
21,21,3.0406195985787647,1.0,11
22,22,2.998116176120703,1.0,13
23,23,3.1172796348203056,1.0,17
24,24,3.1052708219339125,1.0,15
25,25,3.169132257509698,1.0,11
26,26,3.2047587670629136,1.0,11
27,27,3.546578956283777,1.0,11
28,28,3.393072066652027,1.0,15
29,29,3.2755164430843267,1.0,11
30,30,2.980644755851441,1.0,13
31,31,3.417895739158499,1.0,11
32,32,3.3634700941347773,1.0,11
33,33,3.2842030105347915,1.0,11
34,34,3.137621001401733,1.0,12
35,35,3.1074078672297842,1.0,13
36,36,3.066955753723369,1.0,30
37,37,3.3154379051829315,1.0,11
38,38,3.6214357266781763,1.0,15
39,39,3.5695613419798122,1.0,23
40,40,3.53533373915972,0.0,10
41,41,3.602094632523707,1.0,19
42,42,3.2243860923986207,1.0,13
43,43,3.251761184288995,1.0,11
44,44,3.248473031785126,0.0,11
45,45,3.591196288492648,1.0,11
46,46,3.2215193330695295,0.0,10
47,47,2.9600006731584645,1.0,11
48,48,3.014848887508883,1.0,11
49,49,2.6836244651453596,1.0,11
0,0,0.5330021409699032,1.0,11
1,1,1.0362967971487467,1.0,11
2,2,1.1088753673033347,1.0,11
3,3,1.3836042604674768,1.0,14
4,4,1.5666583504762481,1.0,20
5,5,2.0337508628608285,1.0,32
6,6,2.323294272890541,1.0,18
7,7,2.0213809619727763,1.0,20
8,8,2.1010825772775097,0.0,15
9,9,2.3017590965422237,1.0,20
10,10,2.88038770470874,0.0,27
11,11,2.484910368028647,1.0,22
12,12,2.9204579192271485,1.0,25
13,13,2.979718597234532,1.0,36
14,14,3.031403365664253,0.0,22
15,15,2.720375105905961,1.0,14
16,16,2.575686386183459,1.0,20
17,17,2.848708812013548,1.0,25
18,18,2.8424512868406504,1.0,27
19,19,2.3509530484159615,1.0,18
20,20,2.342608818128525,1.0,26
21,21,2.5915530692832474,1.0,26
22,22,2.509168779098107,1.0,28
23,23,2.70255610329453,1.0,21
24,24,2.677639355201052,1.0,23
25,25,2.770789232376139,1.0,18
26,26,2.8166161243190753,1.0,24
27,27,2.6974159487574343,1.0,20
28,28,2.5411003206434395,1.0,22
29,29,2.8150278058118117,1.0,12
30,30,2.937468058455219,1.0,13
31,31,3.199176466410342,1.0,11
32,32,3.1411373561704354,0.0,10
33,33,2.838906205313955,1.0,27
34,34,2.7451850085116245,1.0,11
35,35,3.1788366583330827,1.0,14
36,36,3.2954040632662283,1.0,21
37,37,2.9787629363419215,1.0,22
38,38,2.817362128178026,0.0,19
39,39,2.8978158003175523,1.0,21
40,40,3.070578719812356,1.0,23
41,41,3.252921289808771,1.0,23
42,42,3.2415386927109666,1.0,21
43,43,3.230639466431665,1.0,29
44,44,3.0728984188643955,1.0,28
45,45,3.3557568695404143,1.0,29
46,46,2.854813628009886,0.0,23
47,47,2.754481853708127,1.0,23
48,48,3.1665020061104228,1.0,11
49,49,3.2026635807981925,1.0,17
0,0,0.4927215901718811,1.0,11
1,1,1.1364820182481135,1.0,11
2,2,1.8751664671682513,1.0,13
3,3,2.2197200707428992,1.0,11
4,4,2.2145192479346814,0.0,10
5,5,2.5537215150467634,1.0,23
6,6,2.6560507910973543,0.0,21
7,7,2.377533613511329,1.0,22
8,8,2.774594675737191,1.0,19
9,9,3.045077572685624,0.0,12
10,10,3.043859543440512,1.0,18
11,11,3.5636610493463756,1.0,25
12,12,3.513643474992752,1.0,30
13,13,3.4544941238189395,0.0,16
14,14,3.501374610017692,1.0,50
15,15,3.2322635857533384,1.0,23
16,16,3.345122008715312,1.0,14
17,17,3.3613906820272232,1.0,23
18,18,3.1843992911707355,1.0,14
19,19,2.743651025415756,1.0,24
20,20,2.9635270055732743,1.0,24
21,21,2.8337917380855804,1.0,21
22,22,2.6344527623267973,1.0,19
23,23,2.9581040508235965,1.0,18
24,24,2.791038511807283,1.0,28
25,25,2.7395141209037397,1.0,22
26,26,2.818195916858734,1.0,23
27,27,2.9140464718032404,1.0,20
28,28,3.182648979237876,1.0,17
29,29,3.3048961982370746,1.0,20
30,30,3.5150185064091644,1.0,11
31,31,3.2620131449113923,1.0,12
32,32,3.3338655346951502,1.0,17
33,33,3.278510277779447,1.0,16
34,34,3.1970405195975364,0.0,18
35,35,3.125184935204754,1.0,26
36,36,3.4747984395737204,1.0,23
37,37,3.095570052605342,1.0,25
38,38,3.022355715751323,1.0,28
39,39,3.095628931244388,1.0,30
40,40,3.464554555851637,1.0,30
41,41,3.22113357243414,1.0,25
42,42,3.19822621326356,1.0,27
43,43,3.1876637791559848,1.0,26
44,44,3.0068677208222385,0.0,17
45,45,3.009328255517971,1.0,21
46,46,3.533913454656572,0.0,19
47,47,3.1246279444300664,1.0,22
48,48,2.957545105085597,1.0,20
49,49,3.2030497941000697,1.0,28
0,0,0.44671429348454406,1.0,28
1,1,1.0929540947122067,1.0,11
2,2,1.2286130141114004,0.0,10
3,3,1.6481066532277087,1.0,11
4,4,1.7253082565768145,0.0,11
5,5,1.743754269396482,1.0,11
6,6,1.8315372649165895,1.0,11
7,7,2.0865057519948325,1.0,11
8,8,2.2607647152397927,0.0,10
9,9,2.146033650244037,1.0,11
10,10,2.229803374502938,1.0,11
11,11,2.4161485433926417,1.0,12
12,12,2.3488874081014486,1.0,11
13,13,2.7593827073987605,1.0,12
14,14,2.680494794356294,0.0,11
15,15,2.354129499952352,1.0,11
16,16,2.6300245453941526,1.0,11
17,17,2.5637630300464767,1.0,11
18,18,2.611963754842566,1.0,11
19,19,2.57411661292028,1.0,12
20,20,2.6508389519758344,1.0,17
21,21,2.7538281185222147,1.0,14
22,22,2.8079776448232923,1.0,48
23,23,2.6840459906905867,1.0,15
24,24,2.8585368375863065,1.0,15
25,25,2.785281086552863,1.0,19
26,26,3.0273735432330775,1.0,26
27,27,3.062955058326648,1.0,11
28,28,3.1463174801089453,1.0,23
29,29,3.454720104489619,1.0,39
30,30,3.4888097808847585,1.0,35
31,31,3.5758742600855054,1.0,31
32,32,3.4599083205582892,1.0,30
33,33,3.5539805101372535,1.0,34
34,34,3.4914861483793675,0.0,24
35,35,3.337430314942078,1.0,33
36,36,2.996924920581826,0.0,33
37,37,2.98249689847761,1.0,35
38,38,2.897997489528495,0.0,28
39,39,3.0135201993087426,1.0,33
40,40,2.9206387748134923,0.0,35
41,41,3.1172086745865153,1.0,36
42,42,2.951343751869912,1.0,39
43,43,3.456075325388388,1.0,36
44,44,3.0976600681369937,1.0,36
45,45,3.128442506385849,1.0,32
46,46,3.2015465480445346,1.0,28
47,47,2.7604625368560094,1.0,36
48,48,2.883981832745425,1.0,33
49,49,2.761032287269704,1.0,30
