0,0,0.499766391273283,1.0,0.2925947570481305,27
1,1,1.0726570652000191,0.0,0.7347893651354572,11
2,2,0.9478815943869511,1.0,0.2808215335879117,11
3,3,1.5122076209194262,0.0,0.49033300913968597,11
4,4,1.7767537199878538,0.0,1.0304446319518281,11
5,5,1.8955807678969891,1.0,0.761586922115397,11
6,6,1.731159030710705,0.0,0.950465049332442,11
7,7,2.1913660886004007,1.0,1.5113664148347004,27
8,8,2.4040367099359834,0.0,1.401826340047255,17
9,9,2.7469226398279147,1.0,1.3246297990658713,17
10,10,2.761124674772204,0.0,1.191495454503324,14
11,11,2.6219184661181414,1.0,1.404498078602104,44
12,12,2.807375811132443,0.0,1.9127597118314303,22
13,13,2.829603587177197,1.0,1.7197953289844359,22
14,14,2.832575997839997,1.0,1.8420771517712315,27
15,15,2.785473608104435,0.0,1.9271214948079836,22
16,16,2.8956867222605016,0.0,1.9938687663160966,14
17,17,2.6999488261323465,1.0,1.5691452685237521,19
18,18,2.7903545741439713,1.0,1.1832177239044117,10
19,19,2.7169328338231886,1.0,1.59179644147775,41
20,20,3.0880859875143147,1.0,1.1572270221197904,14
21,21,3.1505828678019485,1.0,1.75075779047576,20
22,22,3.185968068734491,1.0,1.7394334871827315,16
23,23,3.6929006880311683,0.0,0.950058101974935,11
24,24,3.346342686486968,0.0,1.4626018443710678,11
25,25,3.2019835671940045,1.0,2.6083578092685835,24
26,26,3.0215622634433266,0.0,1.8695638298197177,22
27,27,3.2475761986539684,1.0,2.149207364287163,27
28,28,3.38719954069379,1.0,2.429802039058767,26
29,29,3.501283861398665,1.0,2.219434513718212,19
30,30,3.264503073138153,1.0,1.9888526458431213,22
31,31,3.4992205430915733,1.0,2.1127693462903827,11
32,32,3.3317074353747302,1.0,1.9964035460102765,26
33,33,3.127263357691989,1.0,1.7285080699840885,13
34,34,2.9957848917951764,0.0,1.454953225707482,11
35,35,3.244977629243599,1.0,1.4862855975008327,27
36,36,3.197861653165187,1.0,0.8151265893722448,12
37,37,3.31193290142403,0.0,0.24665262681109276,11
38,38,3.1020326783462977,0.0,0.44636156216849443,11
39,39,3.064302403707982,1.0,0.4459834585672124,11
40,40,3.317568586527022,1.0,0.42671577206987815,12
41,41,2.9380844008619875,1.0,0.4860653976896329,11
42,42,2.8441870672929355,1.0,0.8823863191018327,12
43,43,2.818889792713707,1.0,0.8890573852803134,11
44,44,3.001467482610112,1.0,0.6900898806306841,11
45,45,2.955862595168132,1.0,0.51599664719533,11
46,46,2.588025159394984,0.0,0.6331781266474257,11
47,47,2.764786922172099,1.0,1.3406790080438298,14
48,48,2.7123285221544133,1.0,1.8079293479281024,21
49,49,3.175500472854899,1.0,2.5073885890897216,18
0,0,0.4767644039924587,1.0,0.13943553167820547,11
1,1,1.0361229915363679,1.0,1.0494317025759514,13
2,2,1.0997229635182981,1.0,0.5324784846199995,10
3,3,1.3140796930017051,1.0,0.7787165801262801,11
4,4,1.8343679426830641,1.0,1.5867091750829523,18
5,5,2.030006429012141,0.0,1.4060807289026296,17
6,6,2.137487415279356,1.0,2.015532332120859,30
7,7,2.281377719600243,1.0,2.111540084059304,24
8,8,2.3888573910574933,1.0,2.662769497185198,22
9,9,2.4185202449922993,1.0,2.3367928310000217,25
10,10,2.6759155098463006,1.0,2.2927093332135535,24
11,11,2.7854719313601293,1.0,1.9751336046450596,14
12,12,2.9349500877302543,0.0,2.1911126158550203,17
13,13,3.051878517860323,1.0,2.0485247814219396,23
14,14,3.1372154689177476,0.0,1.62728502819763,19
15,15,3.087681676952524,1.0,1.373535242260569,13
16,16,2.759191968533832,1.0,1.0326229984537605,11
17,17,2.621998126923128,1.0,1.425104564314247,31
18,18,2.4339561143151176,1.0,1.3584451345413588,14
19,19,2.5509841159415947,1.0,1.3993189373667017,17
20,20,2.630197629647454,1.0,1.0403413033111444,11
21,21,2.88231607344762,1.0,0.3837556604092689,11
22,22,2.799405139318213,1.0,0.6991828062723195,12
23,23,2.9008897322980203,1.0,0.5408950138414178,11
24,24,3.0886299170173306,0.0,1.2132665215179559,14
25,25,3.1094228029890316,1.0,1.1688358823791485,13
26,26,3.188704043964185,1.0,0.062445575072804536,11
27,27,3.6917924119276493,1.0,0.06805584598659384,11
28,28,3.6990487927521696,1.0,0.4378202622209918,11
29,29,3.519052385592038,1.0,0.4952924273365175,11
30,30,3.8730536705164686,0.0,0.6163038682295588,11
31,31,3.7716657761631245,1.0,0.41577104296508705,11
32,32,3.514985177714593,0.0,0.8045873474302018,11
33,33,3.355445715576673,1.0,0.8423815309987814,11
34,34,3.42267111725056,1.0,0.9549011954310401,11
35,35,3.362858484814478,1.0,0.6040370172161377,11
36,36,3.2823516327625506,0.0,0.295008136739141,12
37,37,3.5878945927008754,0.0,0.6752472031104758,11
38,38,3.793538889620556,1.0,1.7654381076354018,17
39,39,3.573508653351885,0.0,2.143395713174582,13
40,40,3.5041887631456716,1.0,1.9066513929807434,21
41,41,3.4011823919850586,1.0,2.8055292675967287,29
42,42,3.4897620558848557,1.0,3.1347588826046775,22
43,43,3.910150144009576,1.0,2.908104814494532,26
44,44,3.606224163498016,1.0,2.3867512339167973,19
45,45,3.626892840223672,1.0,2.6964438159656,29
46,46,3.4987029969918604,1.0,2.5535112255743746,22
47,47,3.7682858156851484,0.0,2.201689719896871,20
48,48,3.615571365600815,1.0,2.2815271568661215,14
49,49,3.1699980657491436,0.0,2.247710182467724,15
0,0,0.4754572336677519,0.0,0.45567969745819586,11
1,1,0.8719771281996542,1.0,0.5841386992009802,11
2,2,0.9626017722602959,1.0,1.1379605252233298,13
3,3,1.3060124981260088,0.0,0.5133162608547991,11
4,4,1.6976263611971651,1.0,1.104276327397104,12
5,5,1.9481412178156388,1.0,0.6318868848705449,12
6,6,2.4839092846532984,0.0,0.9843555193551449,14
7,7,2.675795028798323,0.0,0.8623336524969418,11
8,8,2.981124471761767,1.0,0.9501400536623675,11
9,9,3.124434410441,1.0,1.52408169540434,18
10,10,2.8838276017508266,1.0,1.7892641705006764,31
11,11,2.850035968725471,1.0,1.3030838019058566,13
12,12,2.8510138462555306,1.0,1.6451087634026242,48
13,13,3.451049966781839,1.0,0.9787757946166677,12
14,14,3.1344722695299043,0.0,0.8607537871060839,11
15,15,3.224160326153926,1.0,0.6776021473746958,11
16,16,3.1906285351855943,1.0,1.6659136463822635,15
17,17,3.1795542911544583,1.0,1.6414821200536582,18
18,18,2.929184433356848,1.0,1.1731357063273764,15
19,19,2.8520346449442426,1.0,1.595737688309534,28
20,20,3.2364511684560173,1.0,1.130158394539751,13
21,21,2.948904112601297,0.0,1.2458940460205066,15
22,22,3.072882259915853,1.0,0.9968511552318231,13
23,23,3.0160903483080896,1.0,1.5714633772539774,28
24,24,3.0259147367056007,1.0,1.4347265576125112,15
25,25,3.2238474375518478,1.0,1.7903281168839578,16
26,26,2.8626851195204313,1.0,1.7815708753035429,15
27,27,2.978169429591641,1.0,1.646448233161798,15
28,28,3.1103184911193815,0.0,2.5212969792323054,18
29,29,3.035339212886464,1.0,2.7557760858657327,20
30,30,3.2396257267205337,1.0,2.7593398820444794,28
31,31,2.9915354879596037,0.0,2.9550462154118304,29
32,32,2.8504620190583823,1.0,3.069798171745103,29
33,33,3.3733209842714253,1.0,2.111144534540117,28
34,34,3.420471402042287,1.0,1.2180446836238654,13
35,35,3.2800325374095576,1.0,1.0014099673051335,11
36,36,3.3936670995620153,0.0,1.1737587662825828,11
37,37,3.2657681863318735,0.0,1.0767530333844442,12
38,38,3.574913066486998,1.0,0.9787140843672404,10
39,39,3.411811473688877,1.0,0.8173327201710103,11
40,40,3.574399773362485,1.0,1.2562262904522148,16
41,41,3.457194979276649,1.0,0.9597930683492066,11
42,42,3.1733059452026833,0.0,0.5877221443036422,11
43,43,3.5025913114345295,1.0,1.113747291179981,11
44,44,3.6394270617721673,1.0,0.46182972999368616,11
45,45,3.6199467503691722,1.0,1.1954168867160717,14
46,46,3.8038441525485256,1.0,0.45513688913425404,10
47,47,3.836828718081296,1.0,0.6194663625294441,11
48,48,3.4831204343153845,1.0,0.40083204529256194,11
49,49,3.6881976636097757,1.0,1.3003533938783307,15
0,0,0.513487397899141,1.0,0.43736421138110404,12
1,1,1.1056690916830043,0.0,0.7168255306024088,11
2,2,1.2810363636736586,0.0,0.9343471306227855,11
3,3,1.43680706966276,1.0,1.490363786414818,27
4,4,1.870172467879915,1.0,1.232346069510852,15
5,5,1.926825368776249,1.0,1.352250501778442,21
6,6,2.1827782533356195,1.0,0.34422184864734867,12
7,7,2.692661219373948,1.0,0.8512799611160929,11
8,8,2.87752041177434,1.0,1.014667464259748,10
9,9,2.178866206878253,1.0,0.8255445159442076,11
10,10,2.262248326799611,0.0,0.8686602068405217,11
11,11,2.384026376077777,1.0,1.0375826810110473,27
12,12,2.5826380759251393,1.0,1.7917511134704212,20
13,13,2.0041312163359244,1.0,2.0828476063734542,46
14,14,2.0170300179187777,0.0,2.216121688619939,25
15,15,2.2925282975173347,1.0,2.2606661915077084,25
16,16,2.5609733825705407,0.0,2.726153453187396,19
17,17,2.84357403092525,1.0,2.112150853204035,24
18,18,3.199564447608013,1.0,1.6602420394348303,19
19,19,3.589508887236173,1.0,1.9465015889443715,19
20,20,3.629909553592568,1.0,1.5480968856502506,18
21,21,3.3442784990132313,0.0,0.7709991150078471,11
22,22,3.338258861871511,1.0,1.1154574958355357,11
23,23,3.342518643479119,1.0,1.2774932162346797,15
24,24,3.3514706725203154,1.0,1.2240943532821653,14
25,25,3.0889975171269954,1.0,2.1261391635999174,29
26,26,3.131904193943639,1.0,1.3077010281655077,16
27,27,3.2294311763931645,1.0,2.130192093879852,26
28,28,3.1766367474891943,1.0,2.8006674502507973,19
29,29,3.130896120781638,1.0,3.032699833967175,32
30,30,3.3163410645794347,1.0,3.065263599382714,39
31,31,3.2493023592814523,1.0,3.1411726922609917,30
32,32,3.1427346871963406,1.0,2.494462075075286,33
33,33,2.789317649193891,1.0,2.6065357854907725,27
34,34,3.0113555383438086,0.0,2.603209467200911,27
35,35,2.8024457327941255,1.0,2.121262042849491,21
36,36,2.7862044829308945,0.0,2.592305740970861,20
37,37,2.811618158828416,1.0,2.774877508692,18
38,38,2.647037807918009,1.0,2.507042747384368,27
39,39,2.6684426563781964,1.0,2.7692484213499236,30
40,40,2.5960372998913894,0.0,2.6898456451771717,21
41,41,2.7014700625167563,0.0,2.8262510910327685,18
42,42,2.674544667777471,1.0,2.8062787570933376,26
43,43,2.7211996271612517,0.0,2.2208452859932297,12
44,44,2.715558889872367,0.0,1.777323362247939,14
45,45,2.7270322642163496,1.0,2.209456083853207,17
46,46,2.647815252280798,1.0,2.5150929766785746,19
47,47,2.8131847966150665,1.0,2.5468769152796025,24
48,48,3.0897095693395427,1.0,2.56755123173526,25
49,49,2.807885624835886,1.0,2.7946349472392913,22
0,0,0.47443910329589706,1.0,0.36982116714619145,12
1,1,0.9421509292138024,1.0,0.26318090237747976,11
2,2,1.5547228151300845,0.0,0.3083370567407985,11
3,3,1.3781411436181432,1.0,1.367448363882359,16
4,4,1.6999961595443134,1.0,0.8439392676411414,13
5,5,1.9960642719021797,1.0,1.2004620343364882,14
6,6,2.3896631271198947,1.0,0.8461628589611407,11
7,7,2.817623477898271,1.0,1.8043171298379606,27
8,8,2.786794632928234,1.0,2.2273517260131293,27
9,9,2.2955596926308046,1.0,2.209019529111045,39
10,10,2.384321511045761,1.0,2.866348477016952,20
11,11,2.485388664104864,1.0,3.2270148996129775,31
12,12,2.526768696968166,1.0,3.19292095121423,29
13,13,2.8365584162550572,0.0,3.450607555285807,20
14,14,3.094024307643785,1.0,3.417487613683956,22
15,15,2.908192387319301,1.0,2.5811992755419766,27
16,16,3.0325031378041407,1.0,1.8249058624794539,20
17,17,2.873945043318988,1.0,1.6599798323724877,16
18,18,3.0990941286329443,1.0,1.4061618031997316,17
19,19,2.9323137315848,1.0,1.2310501201323238,15
20,20,3.05121268433154,1.0,2.0049162701138026,19
21,21,3.3441950888651815,1.0,2.004189515153963,23
22,22,3.296117625942882,1.0,1.8537314073259274,20
23,23,3.179668858514517,1.0,1.7237510881499039,20
24,24,3.240875979722873,1.0,1.7552278697829335,21
25,25,3.0606484478055753,1.0,2.0135365712085425,14
26,26,3.10723612084315,1.0,2.5241146300903607,22
27,27,3.145818106055367,1.0,2.9256110827637083,29
28,28,3.2518231657882084,1.0,2.885278949018512,40
29,29,3.0285222898757174,1.0,3.042697781226795,21
30,30,3.226886532852087,0.0,3.051479619208421,20
31,31,3.0502518791919218,1.0,3.14353627814353,21
32,32,2.819588975609115,1.0,2.9025629329277804,23
33,33,3.0909818659084114,1.0,3.104920044015423,23
34,34,3.0761332208173564,0.0,2.999175004036167,30
35,35,2.973673655121097,1.0,2.01017980192643,23
36,36,2.9302834108426254,1.0,1.7025766964652684,18
37,37,3.155734662913384,0.0,2.019809254451381,14
38,38,3.146670842897589,1.0,2.3736010220773824,26
39,39,3.0948732482021692,0.0,1.95098825729818,22
40,40,2.9073376312927457,1.0,2.6021203698132216,16
41,41,2.8857400707220804,0.0,2.475070969016695,17
42,42,2.900113041444027,1.0,2.9851238812161234,45
43,43,2.816245146705511,1.0,2.336166757453461,18
44,44,3.1137512531452294,1.0,2.4480149992501565,21
45,45,3.1846172976568354,1.0,2.3463304421861833,26
46,46,3.164894419249954,1.0,2.376528596567705,23
47,47,2.9314975951072033,1.0,3.1282553549231915,30
48,48,2.938080732639439,1.0,3.061005581653162,26
49,49,2.971990593812351,1.0,3.492295683302598,29
0,0,0.42378232487452816,1.0,0.39337075047164716,11
1,1,0.9286643886158444,0.0,0.6111076749087727,11
2,2,1.0882202256530715,1.0,0.3729182071403618,10
3,3,1.2537205214687892,1.0,0.5453658203177761,11
4,4,1.5265580326130035,1.0,0.21711084864443578,11
5,5,1.4173213235513418,1.0,0.7190460835362588,13
6,6,1.5431326702925865,1.0,0.31341203808184137,11
7,7,1.579112478909955,1.0,0.9119017217655498,11
8,8,2.020692624071949,1.0,0.9438565523213857,13
9,9,2.0051764655684035,1.0,2.077944878542141,35
10,10,2.088059872086252,1.0,2.2079501127453045,19
11,11,2.3332002738809856,1.0,2.2197054735995643,32
12,12,2.72759667093568,1.0,1.5517470247691612,18
13,13,2.7534853445100933,1.0,1.3500310207965758,16
14,14,2.7733412058160187,1.0,1.1943682482593252,12
15,15,2.76860132140392,1.0,1.4673500660115724,17
16,16,2.540016887823034,1.0,1.9036198763794696,22
17,17,2.5306293965871074,0.0,2.6117822112029354,32
18,18,2.9500399355916116,0.0,2.1346729403674285,25
19,19,3.3551279501941114,1.0,2.309047449032156,34
20,20,3.282727669124587,1.0,2.1565568997842015,23
21,21,3.24950045907085,0.0,2.6043289166148265,20
22,22,3.32921129295003,1.0,2.3131280835523698,28
23,23,3.3089029628200977,1.0,1.8743641974551493,22
24,24,3.117984466954433,1.0,1.250467786324089,15
25,25,2.859773818946427,0.0,1.27891394389202,15
26,26,2.765118514514428,1.0,1.3111145974976899,10
27,27,2.6401464263063703,1.0,2.031099702415534,23
28,28,2.6612749602797585,1.0,2.0670209525585683,19
29,29,2.767652298464385,1.0,1.044829845600671,15
30,30,2.917432806694362,0.0,1.1846105861457445,14
31,31,3.1556241939712093,1.0,1.3152347815976642,29
32,32,3.1266438278270536,1.0,1.7790305221998233,21
33,33,3.312533561796588,0.0,1.8698198398633066,14
34,34,3.420454893842985,1.0,2.372120983869593,25
35,35,3.39316671456544,1.0,2.0054105663384716,23
36,36,3.0287383730180273,0.0,2.7299325334146523,25
37,37,3.2990598166826786,1.0,3.4484187157590007,21
38,38,2.903402530235013,1.0,3.5388623906588226,37
39,39,2.640911917161578,1.0,3.4335048092363336,32
40,40,2.7377591758699715,1.0,3.4270952351918176,32
41,41,2.737529628315573,0.0,3.926139086198566,34
42,42,2.603816232828089,1.0,3.5665666567545404,29
43,43,2.859177646672601,1.0,3.7817902247633053,31
44,44,2.730926702331398,0.0,3.7687123250993135,34
45,45,3.060958644397516,1.0,3.30226629088565,28
46,46,2.9797446495557844,1.0,3.505981702220553,33
47,47,2.9394454825817546,1.0,3.150574709945102,27
48,48,2.949380924608935,1.0,3.474664599930217,22
49,49,2.8183473572503814,0.0,3.3040887043052027,31
0,0,0.50625884046451,1.0,0.37470708463124214,31
1,1,0.7684418700416888,1.0,0.6329007004952035,11
2,2,1.2460901399622013,0.0,1.0564293485034788,12
3,3,1.6951077937126258,1.0,1.5821856166320867,22
4,4,1.8480784385620788,1.0,1.118357326828911,21
5,5,2.185556399969619,1.0,1.3371287292905116,18
6,6,1.86311161320581,0.0,2.23374463955359,21
7,7,1.834237222766239,1.0,2.080370458595985,26
8,8,2.0941304204484856,0.0,2.2025714272836368,20
9,9,2.468954320339982,1.0,2.7351872330824367,28
10,10,2.6319044763740562,1.0,2.613623457351582,43
11,11,2.7415748294444438,1.0,2.637826051424948,36
12,12,2.9226236554973593,0.0,2.6252139108924464,27
13,13,2.566068627757697,1.0,2.490380327816062,26
14,14,2.717177102514221,1.0,2.0828887608904223,15
15,15,2.7002023560058293,1.0,2.2982673352388603,25
16,16,2.5698372667454676,1.0,1.871580500210552,21
17,17,2.486627644820202,1.0,1.243438673156573,17
18,18,2.6266850956478174,1.0,1.337617712389509,16
19,19,2.7100175918801304,1.0,1.4092404345143466,11
20,20,3.1226161665107437,0.0,0.9411633935176886,11
21,21,3.146564606155802,1.0,0.589681745702003,11
22,22,3.08550082082484,1.0,1.3775991011890432,15
23,23,3.332680731693618,1.0,1.369275678514613,16
24,24,3.598027800243379,1.0,1.4737583468498998,18
25,25,3.1700694041652095,1.0,1.0332861471459374,12
26,26,2.932269012732296,0.0,1.4323753495715381,11
27,27,2.7895564015616285,1.0,1.4040864832221187,11
28,28,2.7310495783581143,1.0,1.2814340319771338,14
29,29,3.079248062718289,1.0,1.550576705436438,16
30,30,2.9940060200848566,1.0,1.5900372607810949,18
31,31,2.596231135326418,0.0,2.5992023619676394,26
32,32,2.737503275675149,1.0,2.17429087018734,24
33,33,2.5483377033935715,1.0,3.2032348917801956,41
34,34,2.8344574149092456,1.0,3.1563339104955155,31
35,35,3.3832209142222784,1.0,3.5543266874187656,30
36,36,3.360861953470084,1.0,3.759374247413175,29
37,37,3.3435378780327585,1.0,3.204455233005413,29
38,38,3.2488027609455425,1.0,3.8056991153449444,31
39,39,3.677752876069746,1.0,3.4380319492037787,32
40,40,3.6272905975295737,0.0,3.8803731550330482,31
41,41,3.672294425038633,1.0,3.5085048518731075,32
42,42,3.297041040283027,1.0,3.479971949986224,32
43,43,3.1975718977205947,1.0,3.4959723961221534,23
44,44,2.958618395436567,0.0,3.539797358290183,17
45,45,3.0880526567406585,1.0,2.885490370460898,29
46,46,3.3749823980044757,0.0,2.3932132466808067,26
47,47,3.5886668219740434,1.0,2.7588387108893726,27
48,48,3.386355177978808,0.0,3.2270730232535385,32
49,49,3.2697005880937056,0.0,3.584361942345564,26
0,0,0.5158683544343514,0.0,0.2516125790721849,11
1,1,1.0871953097039908,1.0,0.4711366457038682,12
2,2,1.1089619797601644,0.0,0.9827979208885798,11
3,3,1.2318028169104027,1.0,1.593888825096923,34
4,4,1.7307102018000458,0.0,2.260695723978608,27
5,5,1.7103427102170714,1.0,3.314633962787542,31
6,6,2.2259303267124886,1.0,3.542283690973556,35
7,7,2.4686430810864017,1.0,4.40322566161504,42
8,8,2.4396843281501925,1.0,3.9776674289225302,27
9,9,2.415518718558172,1.0,4.301048255955303,29
10,10,2.5271853870340464,0.0,3.3341824957125312,27
11,11,2.4651758456011086,1.0,4.026429674820196,30
12,12,2.550045420943677,0.0,4.421236822337878,29
13,13,2.5172632788988976,1.0,3.856774893379353,34
14,14,2.749621446174528,0.0,4.370522192193025,18
15,15,2.8138283276505223,1.0,4.05082984436441,30
16,16,2.7135569270365507,1.0,3.7778425722850204,27
17,17,2.7605011484253676,1.0,3.9296851462533104,34
18,18,2.6610646879894175,0.0,4.303693537023901,36
19,19,2.64218667180047,1.0,3.9993716913052166,35
20,20,2.6398491307631784,1.0,3.670572059713568,32
21,21,2.58232650003565,0.0,3.0896172467887877,30
22,22,2.9990405942392306,1.0,3.780514556360298,39
23,23,2.9195016650198147,1.0,3.3013037629366835,31
24,24,2.7595634430214226,0.0,3.3247054928648225,30
25,25,2.712488311624923,1.0,3.3468006608900454,27
26,26,3.0187283195403567,0.0,3.8069232350980418,23
27,27,3.0341688912592386,1.0,3.8294173497477484,33
28,28,2.93560312396454,0.0,4.2922510198427775,20
29,29,2.9439560786194843,0.0,4.211025127778287,33
30,30,2.8663888484283437,0.0,4.225707635110067,35
31,31,3.0934289310408545,1.0,4.004057007054361,42
32,32,2.5558426396569347,1.0,3.366265812876668,32
33,33,2.4852271574058498,1.0,3.1638725805542247,33
34,34,2.6834234108180284,1.0,2.1596529913352236,23
35,35,2.486995552523682,0.0,1.9728923987946612,22
36,36,2.9404440655808193,1.0,1.571305091415698,18
37,37,3.0016838489739466,0.0,1.5570868344494078,19
38,38,3.04384269024397,1.0,1.4304499717651937,17
39,39,2.817524620988936,1.0,1.6118904198371016,29
40,40,3.1007871220471066,1.0,1.2688710506255416,13
41,41,2.502366738432626,1.0,1.5779186696070078,14
42,42,2.740584988433833,1.0,1.2993852241564627,11
43,43,2.8041257739305934,1.0,1.3055152814461926,16
44,44,2.9063250380410297,1.0,1.2589694558684523,11
45,45,3.0142765753558662,1.0,0.9325457019286667,12
46,46,2.915067237522998,0.0,1.080548795539487,12
47,47,3.0049479196758817,0.0,0.9485871857268535,11
48,48,3.1279484306578844,1.0,1.0271003337200115,11
49,49,2.9416192213377546,0.0,0.638953218203295,11
0,0,0.465641821006116,1.0,0.7580855363451211,12
1,1,0.8985107376679802,1.0,1.1057538690048094,11
2,2,1.064682015814307,0.0,1.5822885678238767,21
3,3,1.695944114158363,0.0,1.0324162508485202,12
4,4,1.7025002085111647,1.0,1.098890873619693,13
5,5,2.066893047755425,0.0,1.0637359126323616,11
6,6,1.9730751311378263,1.0,1.4658443930813414,18
7,7,2.3773861101505624,1.0,1.869323478865797,15
8,8,2.360078773730353,1.0,1.5939949995058327,31
9,9,2.3649645604519858,0.0,0.6937120582063732,11
10,10,2.3100929054430854,1.0,0.5511475439372713,12
11,11,2.3047498212585915,1.0,0.936633537334006,11
12,12,2.293589245417802,0.0,0.7373130591725524,11
13,13,2.811286971084909,1.0,1.5538182941481269,28
14,14,2.768605577012387,1.0,1.6287138122528677,19
15,15,2.628223485596916,0.0,0.9653617666826764,11
16,16,2.570374666085796,1.0,1.7110356450905084,20
17,17,2.6641064305033533,1.0,1.7619091592621028,20
18,18,2.731558443525347,1.0,1.7600634971517775,28
19,19,2.633596863240268,1.0,1.800607896294094,25
20,20,2.9431703872380655,1.0,2.3125653927503675,25
21,21,2.8144667148582174,1.0,1.6991823716976873,14
22,22,2.95835595731251,0.0,1.754345762729623,13
23,23,2.9377475355852742,0.0,1.4967363322888134,18
24,24,2.7276295216966555,0.0,1.5126397255636708,18
25,25,2.6356456292804107,1.0,1.572757927467485,17
26,26,2.776241886657259,1.0,1.1418793253078718,11
27,27,2.668351991959408,1.0,1.2218370036444652,14
28,28,2.639892890551012,1.0,0.85022230926294,11
29,29,2.671383802917863,1.0,1.0022013709909778,11
30,30,2.790251539378698,0.0,0.9015350641829664,11
31,31,2.632946796282632,0.0,1.2627979253039803,15
32,32,2.5811547775620003,1.0,2.112586591227607,29
33,33,2.675940795731872,1.0,2.550226724959408,27
34,34,2.828395895340092,0.0,3.387155397627204,32
35,35,2.7224987126015434,0.0,3.1188330876957755,19
36,36,2.6031659963283693,0.0,2.712878740520194,19
37,37,2.9239167831827113,1.0,1.9214756827479733,18
38,38,3.284498781852987,1.0,2.086494915826285,22
39,39,3.231377199428012,1.0,2.3094154454092903,26
40,40,3.245080277862745,1.0,2.9314268546070927,24
41,41,2.6970230287081476,0.0,2.944107873444631,29
42,42,2.8148917233782615,1.0,3.274841750201982,30
43,43,2.810621806026365,1.0,3.6266101151613537,33
44,44,2.9428825426076046,1.0,2.6483712099241514,28
45,45,2.869397048458217,0.0,2.584821430272876,27
46,46,2.8378049741290674,1.0,3.0953836999173676,36
47,47,2.960386397354594,1.0,2.7427769170581016,28
48,48,3.3505899690205583,1.0,2.7005228709551146,28
49,49,3.2978868997672595,1.0,2.523474042407957,19
0,0,0.46541511149045145,1.0,0.6464471539900112,11
1,1,0.9005851502050429,1.0,0.7624283075023204,11
2,2,1.0166755996743178,0.0,0.9341893517551089,11
3,3,1.1991056647523957,0.0,0.7719450351829332,11
4,4,1.629940201418807,0.0,1.47923868920031,38
5,5,1.8801898846575813,0.0,1.4805869361532826,15
6,6,1.6880753091284337,1.0,1.726097606537781,26
7,7,1.6901608609172054,1.0,1.159744024519233,13
8,8,1.7814456798406089,0.0,2.012390786759925,22
9,9,1.7755036931795347,1.0,1.917896468508117,18
10,10,1.884577075038262,1.0,2.4982834578305027,23
11,11,2.306639419160565,1.0,2.2257029651652815,17
12,12,2.0383461853205147,0.0,2.2548081298312885,25
13,13,2.264704037569449,1.0,2.303487650872342,22
14,14,2.4290920691549256,1.0,2.355567710869744,22
15,15,2.6093974123559236,1.0,2.999781891221337,30
16,16,2.481114622970717,1.0,3.1583626808417704,24
17,17,2.2345904288497285,1.0,2.5803681850279334,21
18,18,2.4064016205458496,1.0,3.057657746421245,30
19,19,2.6740659174650414,1.0,3.6950110678332537,33
20,20,2.5228949426650065,0.0,3.3730971498166844,32
21,21,2.56158127514839,1.0,2.9327688044133304,29
22,22,2.648308982540322,1.0,3.0272718355888353,25
23,23,2.868030209511052,1.0,3.146013336220441,26
24,24,3.0452711050072407,1.0,2.9968877553144573,23
25,25,3.1411901514806697,1.0,3.5812325209129425,33
26,26,2.842510722942777,1.0,3.8724823250957208,26
27,27,2.791045165042964,1.0,3.978993006296888,28
28,28,2.546787113299195,1.0,3.7029221928549454,15
29,29,2.7190728471263204,0.0,3.4895027362394986,25
30,30,2.8527191864710613,1.0,3.175249165729352,36
31,31,2.8430269049513357,1.0,2.32798104972025,25
32,32,2.7485584978675917,1.0,1.7287968738753827,18
33,33,2.660568861062001,1.0,1.8952270234443773,21
34,34,2.5519508956152728,0.0,2.0418422344575546,23
35,35,2.5972847846414147,1.0,2.5107427597383736,27
36,36,2.2011167023320066,1.0,2.3256501626686004,25
37,37,2.549399294931147,1.0,2.631099124964615,25
38,38,2.99147759325416,0.0,2.3402885571609002,25
39,39,2.9490070070987024,1.0,2.1518220628460893,24
40,40,3.0387483112471676,1.0,2.1239092970622826,21
41,41,3.0773734274285602,1.0,2.670778454197704,28
42,42,2.9681588661394387,1.0,2.436363443329109,24
43,43,2.9854569548272587,1.0,2.5230604090016406,22
44,44,3.2186919510462633,0.0,1.6841471935100767,20
45,45,2.7495888278134717,1.0,1.422206187939509,17
46,46,2.6307799376596335,1.0,1.4460764299587965,16
47,47,2.7181361243761843,0.0,1.6269539495075216,19
48,48,3.155940308273439,1.0,1.4622926325055032,15
49,49,3.097580945782742,1.0,1.7650889245132952,23
0,0,0.4521550960337284,0.0,0.30970052898499456,11
1,1,0.9264891593079293,0.0,0.7318800790250415,11
2,2,1.2425717690444715,0.0,1.121554745446784,13
3,3,1.7605349563369381,1.0,1.2071397096794978,36
4,4,1.9421499836018927,1.0,1.5904383354438434,20
5,5,2.000632327851138,1.0,2.198076968648236,31
6,6,2.4104550332603782,0.0,2.445263611098399,24
7,7,2.2124129957206162,1.0,2.375162798475134,35
8,8,2.0220011696881794,1.0,2.6302268161830233,33
9,9,2.2783594080049867,1.0,2.414326782778929,26
10,10,2.2363700458578806,0.0,2.8555409733771477,27
11,11,2.5972108682543804,1.0,3.0943989717300626,29
12,12,2.5519096974802924,0.0,2.2767874381507522,27
13,13,2.829878570410028,1.0,2.9694391769976614,24
14,14,2.7855003303725523,1.0,2.9017675989944474,21
15,15,2.878956858135572,1.0,2.594497799287592,27
16,16,2.6524240269182244,1.0,2.27402521854253,16
17,17,3.1409712018257108,1.0,1.4697250683406218,16
18,18,3.0918037550082533,1.0,2.105590169922463,23
19,19,2.7355468557857234,1.0,1.50254849369808,15
20,20,2.746262994188111,1.0,1.6899844835528655,18
21,21,3.0010462046510513,1.0,1.0844333334138065,12
22,22,2.5274962252120234,0.0,1.1694913175122352,14
23,23,2.7059685689686455,1.0,1.892655518857022,13
24,24,2.7302483347939677,1.0,1.9214963009028347,17
25,25,2.6058847653125934,1.0,1.7133630781283493,15
26,26,2.704942665296476,1.0,1.586432735262333,11
27,27,2.6211767041875573,0.0,0.9446831102617547,11
28,28,2.7398536336178547,0.0,0.8812152666872309,11
29,29,2.7348097001536003,0.0,0.5440868553953384,11
30,30,2.7897096005106716,1.0,0.43613107094882314,13
31,31,2.619015537526585,1.0,0.44194972273090755,11
32,32,2.5126936572737804,1.0,1.0729283183915992,11
33,33,2.536902396948691,1.0,1.0612893491843172,12
34,34,2.6972996485341487,1.0,1.2237907145075035,28
35,35,2.5944625945276227,1.0,1.0899970843573454,12
36,36,2.596561640736647,0.0,0.9294411704316317,11
37,37,2.9914935349596323,1.0,0.9280251022417055,11
38,38,2.813063491332931,0.0,0.7365401536041105,11
39,39,2.7662212482532533,1.0,0.8888928159593202,11
40,40,3.2209020514839497,1.0,0.6395562337683564,11
41,41,3.18600717073841,1.0,0.9218631223340304,11
42,42,3.565926499401022,1.0,0.8899295396930765,11
43,43,3.1622630907323726,1.0,1.0800890540827153,12
44,44,2.9107368868073604,1.0,1.4695872593265313,28
45,45,3.108378027513844,1.0,1.7376289112699541,20
46,46,2.9217509677785456,1.0,1.5008978745199333,11
47,47,2.8376597172769684,1.0,1.715811062179159,18
48,48,2.810438359918352,1.0,1.786691563060329,18
49,49,2.819243712938118,1.0,1.1740345381672852,14
0,0,0.5282890320738897,1.0,0.3306334164894287,31
1,1,0.9016147883696058,0.0,0.926782247818113,11
2,2,1.3285946768198929,1.0,1.3287804979547817,15
3,3,1.4877357232104738,0.0,0.7662233823249954,11
4,4,1.9178327953637417,1.0,1.3567660964620278,36
5,5,1.8692236632222856,1.0,0.6933369054655197,11
6,6,2.152776014884333,0.0,0.28453982773027736,11
7,7,2.0110994588684155,1.0,0.5373604928353587,11
8,8,2.3707388645228424,1.0,0.9409380316581926,12
9,9,2.3544592907485753,0.0,1.12836049776807,13
10,10,2.567003856671477,1.0,0.8842541021211976,12
11,11,2.4703402221393027,1.0,0.978925509698919,11
12,12,2.4531783660499014,1.0,0.8205560159274402,11
13,13,2.4696800052373398,0.0,0.5020405260831209,11
14,14,2.503131121705381,1.0,0.8506554270061218,13
15,15,2.5739415855227414,0.0,0.7232841708629996,11
16,16,2.676486115536967,1.0,0.4153506897093719,13
17,17,2.7187834897510332,0.0,0.31167191013733664,11
18,18,2.9337526395919244,0.0,0.7563347238401337,11
19,19,2.946734021635093,1.0,0.4300319677876422,11
20,20,2.445162484338305,0.0,1.164245394582507,13
21,21,2.238110282953213,0.0,0.9066516043343971,11
22,22,2.557379882193904,0.0,0.6260689833053829,13
23,23,2.5439253077689385,1.0,0.478144116182271,11
24,24,2.6800301379730844,1.0,0.48381964898757096,11
25,25,2.6523263580076115,1.0,0.4015269537575711,11
26,26,2.8832451386716613,0.0,0.4487416589406296,12
27,27,2.9820044461136814,1.0,0.9005008056025795,11
28,28,3.1882719960440844,0.0,0.3980038186940015,11
29,29,3.251899452951254,1.0,0.4222601526194542,11
30,30,3.0794208301205264,1.0,0.4479134080256137,11
31,31,3.027867462104636,1.0,0.3722030912703698,11
32,32,3.1281083857015255,0.0,0.30595679132973896,11
33,33,2.749001871126963,1.0,1.0475763676711711,12
34,34,2.788276039376849,0.0,0.8606902014715244,11
35,35,3.144834919563727,1.0,0.523248784078223,12
36,36,2.8949823004360367,0.0,0.903892999263498,11
37,37,2.944340924055446,1.0,0.9077250603671602,13
38,38,2.967982714824447,0.0,0.8677347946753745,13
39,39,3.0438720172830895,0.0,0.4904908526881265,11
40,40,2.8894138853228246,1.0,0.6261231759446917,11
41,41,3.042644557964955,0.0,0.21387174649831697,11
42,42,3.5767084214648115,0.0,0.4618927589901212,11
43,43,3.6419570646766783,1.0,1.0940640139539617,12
44,44,3.6693977590432834,1.0,1.7060664486039379,20
45,45,3.824771538389204,1.0,1.5338783431309655,18
46,46,3.456449900336716,1.0,1.771279897248752,15
47,47,3.441874011375674,1.0,1.3120963594332462,16
48,48,3.4805668546024884,1.0,0.9598751872825141,11
49,49,3.33334247497705,1.0,0.8788937193461941,11
0,0,0.46215221238424736,1.0,0.49188643859425646,13
1,1,0.9810164903107635,1.0,0.6572644132411273,11
2,2,0.9967016662418694,1.0,0.9526944212465093,11
3,3,1.2324795037878944,1.0,0.6555674418679899,12
4,4,1.5260052696286688,1.0,1.3525959525766995,15
5,5,1.9458025657998552,1.0,1.0234953456053575,25
6,6,2.1905864021348362,0.0,1.6982148509634034,25
7,7,2.0205885476510366,0.0,2.0357967744812653,15
8,8,2.3816388191126423,1.0,1.9660577073876273,21
9,9,2.4216159773493726,1.0,1.8269341663786782,23
10,10,2.6093049907950867,1.0,1.740607258495789,17
11,11,2.5472303350251075,0.0,1.2786737698393253,15
12,12,2.9906088714746204,1.0,1.6035354911141968,28
13,13,3.1169528966656976,1.0,1.8629722700372193,22
14,14,2.947245032785031,0.0,1.589030797259437,19
15,15,2.977118400830544,0.0,0.7918111219291482,11
16,16,3.0952473600181487,1.0,1.1137130054359459,12
17,17,3.1276210191520355,1.0,1.9239170339205063,22
18,18,3.3363556732373505,1.0,2.9157662317521127,40
19,19,3.4881722428980106,1.0,3.1835931298936524,31
20,20,3.401884494126997,0.0,2.9564853542081786,29
21,21,3.4817697988071137,1.0,2.3360533391434593,19
22,22,2.9915150134148196,0.0,1.9761766237898575,23
23,23,3.0162349554236494,0.0,1.3663198360545499,16
24,24,3.0039932892851313,0.0,0.862409787448473,11
25,25,3.268744245627483,0.0,0.9360801477638355,11
26,26,3.036326887986749,1.0,1.4770505373024478,12
27,27,2.980370262923265,1.0,1.3203804574402953,16
28,28,2.864190122505206,1.0,1.6412593171909742,19
29,29,3.022981486039562,1.0,0.9096241417188787,13
30,30,3.2464344610460696,1.0,0.8316226347186944,11
31,31,3.441069834898264,0.0,0.3624270279785604,11
32,32,3.615751692487742,1.0,0.15015606598604286,11
33,33,3.485419492539517,1.0,0.27235395853536903,11
34,34,3.3252399980405536,0.0,0.7914417714134583,11
35,35,3.3392218069145145,1.0,0.706331437607186,11
36,36,3.2572006340729582,1.0,0.4171991352500279,11
37,37,3.043445953530661,0.0,0.30766902454771444,11
38,38,3.1932994771079914,1.0,0.7251738447313559,10
39,39,3.242947923682196,1.0,1.2664845074540148,31
40,40,3.1846587753651825,1.0,1.574146852961071,13
41,41,3.1738994574433383,0.0,1.3432354666751287,16
42,42,3.233449724957838,1.0,1.0387894781477494,12
43,43,3.1717530617812213,1.0,0.7892882368427094,11
44,44,3.1515652229001043,0.0,1.1631102491604084,14
45,45,3.0802106208621605,1.0,1.4684435886025966,14
46,46,3.3977477392879596,0.0,1.1093608240307777,13
47,47,3.200336085296946,1.0,1.2683253203955183,15
48,48,3.0193911128881523,0.0,0.8384996522613528,11
49,49,2.9124327459248143,1.0,0.5406502804000446,12
0,0,0.46933273137235937,0.0,0.2556381540513596,11
1,1,1.025687364332485,1.0,0.3911495412994432,11
2,2,1.1402252924201606,1.0,0.4908788376395158,11
3,3,1.6074491171269703,0.0,0.6153858815516831,11
4,4,1.885606397884237,0.0,1.2282346003821003,11
5,5,2.37536630316892,1.0,1.317389987491567,19
6,6,2.8117075435120418,1.0,1.2598680911453395,17
7,7,3.015027826108014,1.0,1.6332789482922185,29
8,8,2.9006551452699205,1.0,1.9713232539463899,25
9,9,3.2442605061022167,1.0,2.1639086967384786,24
10,10,2.617028626929363,0.0,1.9118288578487497,22
11,11,2.4229505761961456,1.0,1.1605992613889835,13
12,12,2.46348527624592,1.0,1.4456246602235265,29
13,13,2.4652635380137347,1.0,1.559307420850668,16
14,14,2.607075100560047,1.0,2.038954514326429,20
15,15,2.5985657124926997,1.0,2.819272283346093,30
16,16,2.5658586839759527,0.0,2.8587910275769635,26
17,17,2.3296742429005457,1.0,2.8060029873244647,29
18,18,2.664587809389558,1.0,3.5334206142697395,31
19,19,2.767691187455387,1.0,4.157033418003404,30
20,20,2.5536964241944142,1.0,3.76446699764116,23
21,21,3.155609708447669,1.0,3.6890698799645967,35
22,22,2.8910635380749405,0.0,3.7063896695167093,33
23,23,3.3186911033620965,0.0,2.9061118992395114,29
24,24,3.5431864199577707,1.0,2.2429730045557355,24
25,25,3.5503107515494396,1.0,2.2100308575686296,18
26,26,3.5118126368663893,1.0,2.2047250749454568,23
27,27,3.3157631102702623,1.0,1.902723402623494,14
28,28,2.9858411622493892,1.0,1.967841055074654,22
29,29,2.8968425337590684,1.0,1.8505280873233698,18
30,30,2.700493210511757,1.0,2.268698094035476,25
31,31,2.74460059858076,1.0,2.3114123664248587,25
32,32,2.888741785947493,1.0,2.4391759540585762,25
33,33,2.8790606709081423,1.0,2.780675964658813,28
34,34,3.221785544782229,1.0,2.1166309260796723,23
35,35,3.2312884582433976,1.0,2.2768890947800005,25
36,36,3.3608429346804507,1.0,2.0984105538103357,18
37,37,2.9688891756284845,0.0,2.402311136304377,20
38,38,2.7111989676010206,1.0,3.0619783497696753,29
39,39,2.8314811702311675,1.0,2.778330317129334,32
40,40,2.620727166844178,1.0,2.9464503361543786,27
41,41,2.8562290544969833,1.0,3.082202841993224,30
42,42,2.882620761150383,1.0,2.5351011427405528,24
43,43,2.6725537930550773,1.0,1.8810122136101657,35
44,44,2.614638550439845,1.0,1.6860495374986602,20
45,45,2.6768246179379815,1.0,1.7205304271998731,14
46,46,2.534174907631531,0.0,1.8150292588172794,21
47,47,2.795549587351988,1.0,1.1748694918100318,11
48,48,3.2739706493675262,1.0,1.9578573961578767,17
49,49,2.913471613285022,1.0,2.3015841454502266,25
0,0,0.4632813836164655,0.0,0.384627386873923,11
1,1,1.0052310042217747,1.0,0.21538101942787105,11
2,2,1.5290923198455015,0.0,0.6335530497852172,11
3,3,1.969852300294075,1.0,0.947122883626695,11
4,4,2.4426596394140874,0.0,0.5349657801311298,11
5,5,2.413911875140516,1.0,0.7585461216892582,11
6,6,2.071711339338863,0.0,0.4492885773010727,11
7,7,2.5283661385653087,1.0,0.5503365635753481,11
8,8,2.4241630408261723,0.0,0.8196345699230261,11
9,9,2.304154031256876,1.0,0.9456111625031026,11
10,10,2.484459013539588,1.0,1.0446982779201501,12
11,11,2.4068829653522976,1.0,1.324480068182027,37
12,12,2.660093110690912,1.0,0.7299218832912291,11
13,13,2.932915366391596,1.0,1.0468657667420047,12
14,14,2.9287479311339983,1.0,1.2493323824775284,28
15,15,3.192177977914667,1.0,1.3441711887417176,16
16,16,3.371628899585835,1.0,0.8081232455125552,11
17,17,2.9654037050960254,0.0,0.39316570657717687,11
18,18,3.3098161151030236,0.0,1.2972910976916214,11
19,19,3.100770185864673,1.0,1.45088118219341,31
20,20,3.344475767117307,0.0,1.7198342723721436,20
21,21,3.0886080263735787,1.0,1.7304777117416625,25
22,22,2.922267662096792,1.0,2.094130814737707,26
23,23,2.8036617851964643,1.0,1.4478975075787912,14
24,24,2.9208224084441903,0.0,1.2031805876907744,14
25,25,3.0008943201298766,0.0,1.2005581393511113,14
26,26,2.825092476986847,1.0,1.297997751917903,27
27,27,2.8323234487240274,1.0,1.9553999644549485,22
28,28,2.9557236115549057,1.0,1.6916988954638044,18
29,29,2.7739225619813483,1.0,0.8930466488104751,11
30,30,2.931736178428201,1.0,1.3518793398827096,10
31,31,3.017826876859136,1.0,1.3215911442257984,15
32,32,3.1776830323389498,0.0,0.8677843268019733,11
33,33,3.27363110307626,1.0,0.8795132403932564,11
34,34,2.9029375087857097,1.0,0.8149220269195827,11
35,35,3.390093945450665,1.0,0.6436115542185763,11
36,36,3.3455800210373883,1.0,1.703489224072179,11
37,37,3.023107427643237,1.0,1.9044319532580969,12
38,38,3.324655389978376,1.0,1.6655921828619196,19
39,39,3.2560128321864696,1.0,1.6427290609142022,19
40,40,3.037788491494192,1.0,1.8617572274208845,30
41,41,2.957807004494801,1.0,1.2791823199640997,15
42,42,2.8387809238553863,1.0,0.7870509624992247,13
43,43,3.1660287626244332,1.0,1.1920033219417459,15
44,44,3.17614248725541,1.0,1.2713690352945772,15
45,45,3.138158516252769,1.0,2.5403195454966667,39
46,46,3.5092908739270725,1.0,2.0081910379827574,22
47,47,3.5719128420425754,0.0,2.238546932857245,25
48,48,3.7200612617819044,0.0,1.925799448507351,22
49,49,3.2649652315524906,1.0,1.5725367786772018,19
0,0,0.4820264692745261,1.0,0.578595194007917,11
1,1,0.8701075228152766,1.0,0.3387407948435111,13
2,2,1.519328807333219,0.0,0.7468879271054536,12
3,3,1.7305968336958122,1.0,1.348227262313296,19
4,4,1.8131467907997174,1.0,1.4639690201668407,21
5,5,2.113945145847211,0.0,1.4840224864821148,19
6,6,1.9280752492020736,0.0,0.8847603908127118,11
7,7,2.100784347761935,1.0,1.1397202018310066,13
8,8,2.2405695324634296,1.0,1.1956029634914942,19
9,9,2.4110122952707984,1.0,1.3098909520204256,16
10,10,2.5955248630295134,0.0,1.2701047492499558,15
11,11,2.5238191207530196,1.0,1.3399080853384293,15
12,12,2.468900543108443,1.0,1.1868171999804211,12
13,13,2.501805260289381,0.0,1.146197086238809,11
14,14,2.579018420787247,1.0,1.0405841642328553,12
15,15,2.621413105421176,1.0,1.747744538791547,14
16,16,2.6542477209564956,1.0,1.1932841112426005,13
17,17,2.6733517888467206,1.0,1.6169577541164275,30
18,18,2.7444510030057376,0.0,1.77115657449216,21
19,19,2.764825431936951,1.0,1.542639207599051,14
20,20,2.7594747515897176,1.0,1.5620538515424283,15
21,21,2.914827432441065,1.0,1.3908041898508652,17
22,22,2.9584028563027256,1.0,0.7505637389131742,11
23,23,2.9359709891935,0.0,1.1697414150561392,13
24,24,2.997364214414346,1.0,1.3636321580383137,16
25,25,3.1197998785051175,1.0,0.9825164057670824,12
26,26,2.953278229538976,1.0,1.7228576872342916,31
27,27,2.9845523613394818,0.0,2.214364083033526,16
28,28,3.023280772618527,1.0,1.8713694691301936,12
29,29,2.8788447522975917,1.0,1.9162534324135005,22
30,30,3.0697695420334634,0.0,1.930842996654716,22
31,31,3.026182315190685,1.0,1.2867289424301895,14
32,32,3.1795156050136444,1.0,1.113079660409632,14
33,33,3.116023520532234,1.0,1.2362567703482912,15
34,34,3.0668541832821856,1.0,1.2796285842557606,15
35,35,2.8385440600629575,1.0,1.4985881976852413,16
36,36,3.1974107841514603,1.0,1.6639312227753469,11
37,37,3.2487696484296253,1.0,1.318363895534301,16
38,38,3.250662914999765,1.0,1.5647516655560945,29
39,39,3.3293264392098516,0.0,1.6730931172772072,20
40,40,3.1636425043339766,1.0,1.9080876042049602,21
41,41,2.8861013458278255,0.0,1.969786552407372,23
42,42,3.124217740898539,1.0,1.3360940614700956,16
43,43,2.9903194796560566,1.0,1.6303682413417875,29
44,44,2.6743491306113154,1.0,2.0054140753462457,22
45,45,2.6257309217679716,0.0,2.081945703043265,19
46,46,2.7547518667069797,1.0,2.7680176404138472,28
47,47,3.0007565101310307,1.0,3.250698529372461,41
48,48,3.306127769883187,1.0,3.8161825794127227,31
49,49,3.4342125875683527,1.0,3.4471655801124963,29
0,0,0.49538214095052713,1.0,0.2610381525893583,11
1,1,1.138891283179871,1.0,0.2759780855033464,11
2,2,1.4509730492529498,0.0,0.10604541506675541,11
3,3,1.9526785820053563,1.0,0.47662634627683925,11
4,4,2.0555326658039417,1.0,1.047501454858179,11
5,5,1.7522403359222036,0.0,1.0055627196670314,11
6,6,1.6749718542617662,0.0,0.792623155085776,11
7,7,1.7886604411937626,1.0,0.9511418932106654,11
8,8,1.9433307966486035,0.0,1.037237345010185,12
9,9,2.0551005460422838,1.0,0.9212289109876691,11
10,10,2.275595290189516,0.0,1.304450005408013,13
11,11,2.1729838201755163,1.0,1.4668334067829216,19
12,12,2.237769367345761,1.0,1.0974987545853423,14
13,13,2.27634334699885,1.0,1.7341984166080873,31
14,14,2.478559551768006,0.0,2.2439369664162854,25
15,15,2.381996485840605,1.0,2.2843834448001794,22
16,16,1.9485153564008915,1.0,1.660994979554922,39
17,17,2.2917179007502293,1.0,1.5663488733931987,11
18,18,1.928569129912288,1.0,1.9221242621550296,16
19,19,2.1004505475192103,0.0,2.5021725670647075,27
20,20,2.690628913210345,1.0,2.809370130076792,26
21,21,2.863111779710529,1.0,2.8816213802625286,29
22,22,2.7395857556636356,1.0,2.7931247988792602,17
23,23,3.1422223582913684,1.0,3.7622085897909074,33
24,24,3.139108174267566,0.0,3.9797493272499005,30
25,25,3.004382011699963,1.0,3.6830238794901384,33
26,26,3.3290991894722564,1.0,3.9655227041947936,35
27,27,2.9952399890613193,0.0,3.563082164547799,24
28,28,2.9951280931149022,1.0,3.46101696990663,32
29,29,3.0761306063342846,1.0,3.702949722235332,33
30,30,2.8158529804657957,1.0,3.137590659434023,29
31,31,2.7732134109295274,1.0,2.9602801366488833,23
32,32,2.819271674537372,1.0,2.1131888871072215,23
33,33,3.118807016879383,0.0,1.8811952383849275,22
34,34,2.7265308114472444,1.0,1.2412262924659003,14
35,35,2.617439507567229,0.0,1.2136213646341827,14
36,36,2.6363158666152677,1.0,1.324087783514596,16
37,37,2.6875602197938866,0.0,0.6966150924859434,11
38,38,2.598628344477764,0.0,0.9324659911635004,11
39,39,2.607568014129001,1.0,1.5354634126754678,14
40,40,2.979801178585609,0.0,2.0116395986407327,18
41,41,2.89595667878284,0.0,1.5339791349090137,15
42,42,3.1347086426496156,1.0,1.851581999649896,20
43,43,3.183020810762962,1.0,1.8701640189088895,22
44,44,3.074452018299774,1.0,1.6844072994754145,20
45,45,3.029593396181948,1.0,2.1169357307882355,17
46,46,3.036908332235432,0.0,2.091519922832675,17
47,47,3.0451520465084565,1.0,2.9341501038986446,28
48,48,2.9053948349452887,1.0,2.50077702003178,22
49,49,2.8616764114351168,1.0,2.6426294654656926,22
0,0,0.5109261897208053,1.0,0.7845910608149014,13
1,1,1.082825797534391,1.0,1.3653686894695218,21
2,2,0.8796753059390734,1.0,0.9387083908607191,12
3,3,1.0737956584113053,1.0,0.3779929276237607,11
4,4,1.2745870389311085,0.0,0.13305565214772758,11
5,5,1.4414787819017811,1.0,1.1731331425825604,15
6,6,1.8590984243340754,1.0,1.6363346539581343,24
7,7,1.9103822575972176,1.0,1.4548547631331499,18
8,8,2.336868963613412,1.0,1.4236271058327497,18
9,9,2.3072617485418676,1.0,2.165884139058102,14
10,10,2.208904197092633,1.0,2.2705055057903594,28
11,11,2.4635410250263057,1.0,2.4533428563800537,26
12,12,2.5721170576087813,1.0,2.3033544150700065,22
13,13,3.013617398980127,1.0,2.1725359923411864,18
14,14,2.959424503352698,1.0,1.46499511727619,16
15,15,2.6164492578304013,1.0,1.35944775783722,16
16,16,2.5119979551201186,1.0,1.6903523108400917,22
17,17,2.564415953271384,0.0,1.8343146476145242,16
18,18,2.520217306166253,1.0,1.5026176344450466,16
19,19,2.5715770832082847,0.0,1.500767413213284,14
20,20,2.9336778973160675,1.0,1.4339246770513454,11
21,21,2.9402089357714196,1.0,1.6663064403230887,20
22,22,2.8404798598604573,1.0,1.293001428606552,14
23,23,2.8008388369471855,1.0,0.8607064751131889,11
24,24,2.9729316334440856,0.0,0.47030079989480733,11
25,25,3.311285853703738,1.0,0.8361997413284038,11
26,26,3.2510923384913664,0.0,0.9416375217673914,11
27,27,2.8745712547648217,1.0,1.2748710223915465,13
28,28,3.0617331880613414,1.0,1.3105401505589387,16
29,29,3.0283740855505275,1.0,1.749232208333877,19
30,30,3.1769975756731883,0.0,1.8056069110700232,21
31,31,3.0552430986691053,1.0,2.2590637470534145,30
32,32,2.9493987786785385,1.0,2.5114868641119568,28
33,33,2.9636398864523543,1.0,2.235735785342977,21
34,34,2.910282570225777,0.0,2.420622589106234,26
35,35,3.307835589220153,1.0,2.313578554166268,24
36,36,3.251522160224818,1.0,2.3777512254539155,21
37,37,3.5391449139305404,1.0,2.760556240862954,28
38,38,3.343546750027305,1.0,2.8957557360651625,30
39,39,3.2186473807986475,1.0,2.772577599142088,18
40,40,3.187004179053639,0.0,2.475458379166192,16
41,41,3.400909813173692,1.0,2.9806325895368535,19
42,42,3.541127198585045,1.0,2.998835211469481,23
43,43,3.3470420858757186,1.0,2.5309363232554736,26
44,44,3.383281707693257,1.0,2.5680835489166918,22
45,45,3.374396724220199,1.0,1.9815548480890883,21
46,46,3.2091265675629312,1.0,1.782236141636041,21
47,47,3.001040836771283,1.0,2.1019525559899006,23
48,48,2.899055904509891,1.0,2.199657481510612,18
49,49,3.1582180598175036,1.0,2.319330885826228,21
0,0,0.5054770673011794,1.0,0.16073060462633024,11
1,1,0.9643973287631915,0.0,0.4590052994134736,11
2,2,1.2462412265337819,1.0,0.5851004223224341,10
3,3,1.2384318121391604,1.0,0.8432905334676537,11
4,4,1.3948311131393243,1.0,0.96581304652598,11
5,5,1.4556732724683248,0.0,0.942010920283397,11
6,6,1.8345017704849154,1.0,1.4033899313330815,31
7,7,1.8690981695694502,0.0,1.6090011653987402,15
8,8,2.0190352982691753,1.0,1.2604407665489317,21
9,9,2.074120248828222,0.0,1.6623242133538731,17
10,10,2.3329357241459268,0.0,1.295558978381222,11
11,11,2.349344096446246,1.0,1.4710258517241275,11
12,12,2.1699510967751032,1.0,1.4570185941250655,18
13,13,2.517405507568486,0.0,1.6921313431671052,17
14,14,2.5876813583500473,1.0,1.2918812490711715,12
15,15,2.412796270088628,1.0,1.3821514905037982,18
16,16,2.4640650480999966,1.0,2.1991796902059413,13
17,17,2.5833082779218914,1.0,2.5701117706382925,27
18,18,2.693781270374948,0.0,2.78111594045467,20
19,19,2.8564863056645575,1.0,2.589210148397716,18
20,20,2.686425682874087,1.0,2.822031187351665,20
21,21,2.767728329373164,1.0,2.391583644842857,30
22,22,2.9086222220999565,0.0,1.808105631970804,23
23,23,2.9371866135772473,0.0,1.9645595887213474,22
24,24,3.034610740374689,0.0,1.7275257618695898,20
25,25,3.017129917136529,1.0,1.4963278527082695,17
26,26,2.9099952711374213,1.0,0.9722882750559545,10
27,27,2.8081929247891413,1.0,0.3317461979921948,11
28,28,3.2911831290864026,1.0,0.9665753625094652,13
29,29,3.2308619492933217,1.0,0.8918334396862875,13
30,30,3.3806453817019126,0.0,1.5263617405204033,14
31,31,3.116042648910184,1.0,1.2270200738659904,14
32,32,3.371257636751291,1.0,1.1162307280327082,12
33,33,3.0268137286057897,1.0,0.7179145477484261,11
34,34,3.133121805259842,1.0,1.3386336416282618,15
35,35,3.3302175683432877,1.0,1.9007013856396195,14
36,36,2.9205563105645926,1.0,1.36720090049865,16
37,37,2.91376744098313,1.0,1.653764359474503,18
38,38,3.0535246853549673,1.0,1.6781397004907652,13
39,39,3.200900048765935,1.0,1.7823090353236266,12
40,40,3.429420436154949,1.0,1.7773981567312669,17
41,41,3.6663769598347415,1.0,1.3726649547250136,16
42,42,3.5037785219565665,1.0,1.4890118113184214,32
43,43,3.3486729825159482,1.0,1.7039509171456437,20
44,44,3.7072960781149886,1.0,2.404613364581342,31
45,45,3.528648083433439,1.0,2.750439364374968,28
46,46,3.26314103796827,1.0,2.3665377002700327,26
47,47,3.337629293345242,1.0,2.795483206968475,24
48,48,3.3246574638236637,1.0,2.5801446616944848,28
49,49,3.3675557359471373,0.0,2.365020543226977,22
0,0,0.5482517344388081,0.0,0.11723309843718917,11
1,1,0.9334558153944447,1.0,0.19105270296741567,11
2,2,1.358589889068358,0.0,0.7578241231172842,11
3,3,1.7705453407206504,1.0,1.3325641482960902,17
4,4,1.905766714792158,1.0,1.4682408891734358,33
5,5,2.2628339499829075,1.0,1.580628018072477,21
6,6,2.100061801618748,1.0,1.4121462974476053,22
7,7,2.582743520987917,1.0,1.900062637807195,36
8,8,2.6084924021878786,1.0,1.3371085914849383,21
9,9,2.332398078436382,1.0,1.3488282500807787,16
10,10,2.1719842562368714,1.0,1.7816870442007595,20
11,11,2.4611361231552666,0.0,1.4113383772357528,17
12,12,2.3074982043455172,1.0,1.2042155434133885,13
13,13,2.6162707424478233,1.0,1.4399989336661903,28
14,14,2.638753940786973,0.0,1.714796968148522,14
15,15,3.077693548698729,1.0,1.3863600813285928,14
16,16,2.934748657806679,1.0,1.786575149042075,12
17,17,2.7937524482540512,1.0,1.307038251826901,11
18,18,3.0292417154852256,1.0,1.0132952013136063,11
19,19,3.018988799285017,1.0,1.10722902679147,13
20,20,3.0884542777879855,1.0,1.9772847790355104,19
21,21,2.888018992116521,1.0,2.246139382757061,29
22,22,3.2155983957606313,0.0,2.398641026710821,21
23,23,3.1295519450189238,0.0,2.581558488729286,17
24,24,2.966501425112013,1.0,2.8829580101793693,21
25,25,3.1681533376855335,0.0,3.2185417491060297,31
26,26,3.3185869986899066,1.0,3.997415812735193,29
27,27,3.0127651737490546,1.0,3.9226788495429568,41
28,28,2.9752224348612537,0.0,4.142595541845472,31
29,29,2.889525369638938,1.0,4.39599968913556,36
30,30,2.7196246294649824,1.0,4.235156326826022,36
31,31,2.6980450875832616,1.0,4.617012911347769,33
32,32,2.9671186586919998,0.0,5.028456490956267,19
33,33,2.9684433975881066,1.0,4.557341654256183,35
34,34,3.1980427616496923,1.0,4.661030428190307,32
35,35,3.159028842592784,1.0,3.9548080667308,34
36,36,2.920428315554236,1.0,4.101720433248397,25
37,37,3.102864074707901,1.0,3.792490032619658,31
38,38,3.092975572741777,1.0,3.8384369933422695,33
39,39,2.9784099084075053,1.0,3.1313615342865866,24
40,40,3.1511466477140964,0.0,3.0016602191811947,21
41,41,3.5163970655493486,1.0,2.2294475711229857,18
42,42,3.571706230948807,1.0,2.3510778966179346,20
43,43,3.427595550322251,1.0,1.7036871540567309,19
44,44,3.261736248271616,1.0,1.3158045250956154,11
45,45,3.5251371229120987,1.0,1.370674175698504,16
46,46,3.704275035294424,0.0,1.337466288044858,16
47,47,3.3151678029998415,1.0,1.689635417926439,14
48,48,3.715316690282656,1.0,2.2237505593269904,25
49,49,3.737711358421518,0.0,1.782160023304903,21
0,0,0.49675797509033087,1.0,0.1567218652102561,30
1,1,0.9465907243619353,0.0,0.8126274563454623,11
2,2,0.9708929706292478,0.0,1.4382708105633173,12
3,3,1.6177062440484375,0.0,1.0395868339469718,43
4,4,1.8073198888611568,1.0,1.2864286478597662,39
5,5,1.777009986667593,0.0,1.0574446222931917,12
6,6,2.0970781786152477,1.0,1.0749634932927001,12
7,7,2.0458403686022804,1.0,1.8501990625990652,34
8,8,1.9905567880804533,0.0,2.1935743689116207,21
9,9,2.306063865485547,1.0,2.4787666781179967,19
10,10,1.996486303849442,1.0,2.351446982429637,26
11,11,1.9463272241900118,1.0,2.3880291531612543,29
12,12,1.9659640801697393,1.0,2.2960772676713233,23
13,13,2.0728492332010298,0.0,2.045631352419075,19
14,14,2.2164178975243716,1.0,2.137606995577438,24
15,15,2.487191792989952,0.0,1.6800898106236786,20
16,16,2.486457770570652,1.0,1.6454322315181842,26
17,17,2.709291400269809,1.0,0.6749155837940028,11
18,18,2.8859174673991355,0.0,0.8163137293987409,11
19,19,2.688130739730815,0.0,1.3174046296245887,11
20,20,2.740491459756967,0.0,0.4328515759088202,12
21,21,2.791501696072484,1.0,0.9067812900213037,11
22,22,3.072267930022912,0.0,0.5655065982938886,12
23,23,2.7478788608456295,1.0,0.6354966709930296,12
24,24,3.035524967377007,0.0,0.8511863628742644,11
25,25,2.9283640162868636,0.0,1.0298091261956814,11
26,26,3.020973984834806,1.0,0.9034059943034332,10
27,27,2.744889529979537,1.0,0.7264123345766847,11
28,28,3.0419346668636957,0.0,0.9249588441026761,11
29,29,2.8983096830664716,1.0,1.2372067713081767,28
30,30,3.096830029062577,1.0,1.8613908636051475,20
31,31,2.8957949465460793,0.0,2.1533158807057347,17
32,32,2.8628959408123493,1.0,3.3890396856200273,32
33,33,2.6982868904858783,1.0,3.527376467489435,30
34,34,2.5952754213385205,1.0,3.8373479314307968,33
35,35,2.701964774443366,0.0,4.245787335848023,31
36,36,2.8681105913339286,0.0,4.781499174549796,36
37,37,2.7920468313432787,1.0,4.620408307437814,32
38,38,2.9496332625924286,1.0,4.102018819864983,30
39,39,2.8659415487826134,1.0,4.552265593071127,37
40,40,3.1304602854419947,1.0,4.163658203307026,22
41,41,3.053019433065455,1.0,4.110907643031515,29
42,42,2.768703126156742,0.0,3.7626024642402216,28
43,43,2.7006736180513427,1.0,2.928280496416496,29
44,44,2.8746621014864338,1.0,2.9047070362926197,28
45,45,2.9364564024497817,1.0,2.618287490940063,27
46,46,2.720767708337027,0.0,3.446932391823148,32
47,47,2.8178731762661786,1.0,3.4352391607810033,32
48,48,2.780181408596496,1.0,2.8940321221970247,34
49,49,2.6459078016522093,1.0,2.737569350088663,27
0,0,0.4829170663092933,1.0,0.19733279504126938,11
1,1,1.0635708859632977,1.0,0.5254531421039083,11
2,2,0.8329093537309423,1.0,0.6494259906399462,11
3,3,1.4449885560914109,1.0,0.08153047680122873,11
4,4,1.4683961841664854,1.0,0.24233560141752455,11
5,5,1.438652241224581,0.0,0.7091478756428519,11
6,6,1.7338677357574546,0.0,0.42734100218784854,11
7,7,1.7158738509675966,1.0,0.5810835084888353,11
8,8,1.597499514820828,0.0,0.07049336860684646,11
9,9,2.0985405969731175,1.0,0.6240636940632898,11
10,10,2.7192791286268685,0.0,1.0598316487616137,12
11,11,2.6864552915039805,0.0,1.4918759885527626,17
12,12,2.610329805773213,1.0,1.6534904268695987,32
13,13,2.6126220049619637,0.0,2.728030941544731,44
14,14,2.671614437967979,1.0,2.820969126143443,35
15,15,2.5537412844396843,1.0,2.212070953583536,25
16,16,2.6048455810270084,1.0,2.2645219836806096,41
17,17,2.3842811589428967,1.0,2.564412100361585,27
18,18,2.271428400279628,1.0,2.114787207400673,23
19,19,2.251116217051544,1.0,2.5408803025808293,27
20,20,2.4497069843181127,1.0,2.507386800940404,24
21,21,2.7813720479989144,1.0,2.242307337880576,25
22,22,2.783881290581288,1.0,2.412928510190392,25
23,23,2.739352172184431,1.0,1.8963579905715844,20
24,24,2.9032120664188006,1.0,2.3598411098847336,25
25,25,2.8301942564379297,1.0,2.5801221990029997,27
26,26,2.8150873222340045,1.0,2.703744849237899,17
27,27,2.67584550445365,1.0,2.7779797467958764,21
28,28,2.9627506575197478,0.0,2.847482632130923,29
29,29,2.8002976772989863,0.0,2.5731140664406777,24
30,30,2.889940971979441,1.0,2.8372387962517234,21
31,31,2.9080178925624955,1.0,2.924283073008407,29
32,32,3.2960988357321614,1.0,2.7587123874932167,23
33,33,2.7456956121469114,1.0,2.8867584930281835,21
34,34,3.053103656071336,0.0,3.685492329197795,33
35,35,3.1672223211441652,1.0,2.958270290230804,29
36,36,3.504628656082548,1.0,2.9591355925750156,28
37,37,3.574391253307168,1.0,2.858845421956982,29
38,38,3.2208218831997004,1.0,2.552246655688664,27
39,39,3.3421059801999773,1.0,2.3565580201867196,23
40,40,3.6791046295659564,1.0,2.6548174045098225,27
41,41,3.4440453795697796,1.0,2.045707618641235,18
42,42,3.4122858239747687,0.0,2.3194250380943204,25
43,43,3.6327137262096993,1.0,2.378836559767501,25
44,44,3.5190010606490505,1.0,2.1233980459220847,13
45,45,3.277266753731455,1.0,2.253994033633761,18
46,46,3.186817223271417,1.0,2.5168296998217143,21
47,47,3.0101801615838704,1.0,2.367584139918292,22
48,48,3.247841528344163,0.0,1.7341096518177208,20
49,49,3.363865687405733,1.0,1.9492104905601668,22
0,0,0.5054771226817998,1.0,0.003906791670085947,11
1,1,1.0940589015645195,1.0,0.34308912654096296,11
2,2,1.5670027127925863,0.0,0.5841692850096362,11
3,3,1.5391069143842784,0.0,0.9814255241261524,11
4,4,1.6894195680872375,0.0,1.3461237593515567,15
5,5,2.117050931758505,1.0,1.3271047079472127,31
6,6,2.112266569760358,0.0,1.0519176212116352,14
7,7,2.0425126640343625,1.0,1.5023263030064107,12
8,8,2.3741524452154743,1.0,1.9427556728440316,14
9,9,2.5143124322856476,1.0,2.1091125020600376,32
10,10,2.7238780789157757,1.0,2.742635076128412,20
11,11,2.536507405778358,1.0,2.8104945251760425,35
12,12,2.322898471821173,1.0,3.277593245462097,31
13,13,2.3435829100809094,1.0,3.6778055406510557,34
14,14,2.749341336194693,1.0,4.002283855586763,32
15,15,2.7986411890553065,0.0,3.6675001428114986,33
16,16,3.0033303971271073,0.0,3.5310153549309797,32
17,17,2.710756453677419,1.0,3.298598267706833,23
18,18,2.6756632358005437,0.0,2.919925579224921,28
19,19,2.565928670617062,1.0,2.9141305851978863,29
20,20,2.871745993545106,1.0,3.315333939654474,36
21,21,2.5698118219984654,1.0,3.9899011347119515,32
22,22,2.646750616294263,1.0,3.4963775542213837,35
23,23,2.623865208618267,1.0,3.7860934816581504,25
24,24,2.555941890289288,1.0,3.957622481603879,27
25,25,2.7799115249778596,1.0,3.6700281264675816,28
26,26,2.85455560792048,1.0,3.943513707534224,29
27,27,2.5999800889178513,1.0,3.904350295432541,34
28,28,2.5401095986956266,1.0,4.193568838621831,30
29,29,2.8901549689155246,1.0,4.32247390781009,31
30,30,2.9658508777258925,1.0,4.143201547463384,32
31,31,3.0806596659746694,0.0,3.7256612083442544,19
32,32,2.991219914027642,0.0,3.811432734166143,15
33,33,2.9322370164083726,0.0,3.6136761105192976,28
34,34,2.972425788367848,1.0,4.087741378105994,33
35,35,2.8938081932941087,1.0,3.960235242669665,20
36,36,2.808212494304612,0.0,4.247297493174889,30
37,37,2.733280633009522,1.0,4.356428863840692,36
38,38,2.931492401685393,1.0,4.075417410501346,33
39,39,2.911230264283099,1.0,3.8008896948012305,37
40,40,2.9441740184033045,0.0,4.370858979317924,34
41,41,2.837974025032801,1.0,4.118332077287879,36
42,42,2.9035821592826196,1.0,4.354414824039412,36
43,43,3.1322084656964138,1.0,3.6653834109185843,33
44,44,3.0954729275801327,1.0,3.9199198510188276,40
45,45,3.5454531068033908,1.0,3.4002686099825503,34
46,46,3.6984251244630366,1.0,4.544376530132634,37
47,47,3.322610105393259,1.0,3.8143903881059895,37
48,48,3.6969303813648566,1.0,3.464958935251671,35
49,49,3.5160397180832357,1.0,3.278628632523829,26
0,0,0.4459575626101026,1.0,0.4650710834772706,28
1,1,0.9522811522975159,1.0,1.1507223714764683,13
2,2,0.9749816201440415,1.0,0.7447491580859664,26
3,3,1.6477475942741384,0.0,0.29107487382752073,11
4,4,1.4216819721320364,0.0,1.165683720958603,14
5,5,1.7087576192888971,1.0,1.0520894923930846,12
6,6,1.8381969957991995,1.0,1.5145814255755428,19
7,7,2.2198173541330353,1.0,1.2362578813571827,16
8,8,2.3593766451210842,1.0,1.8102276142160367,12
9,9,2.3102938862681413,1.0,1.9223050250861042,23
10,10,2.3375820372431115,1.0,2.085935454366496,23
11,11,2.4842499622713374,1.0,2.735895015536087,33
12,12,2.3760457581161183,1.0,3.1381737264931067,24
13,13,2.8012386526215662,1.0,3.237423436854073,27
14,14,2.732307495631416,0.0,2.654676549330213,24
15,15,2.774811449858688,0.0,2.319346844619927,25
16,16,2.7009265713207466,1.0,2.5349041917277986,26
17,17,2.4468860099014136,1.0,2.373808213834314,28
18,18,2.68632024478597,1.0,2.8403816119557312,29
19,19,3.351833288624892,1.0,2.3006333582546907,29
20,20,3.014929490590379,0.0,2.5104749753476208,26
21,21,2.9493769799011793,1.0,2.206294571527742,24
22,22,3.2763206066713133,1.0,1.7305815989923234,19
23,23,3.2670619536717234,1.0,2.098307071659678,14
24,24,3.3032452126085956,1.0,2.4657244809397407,25
25,25,3.1013023887256823,1.0,2.7496554808393543,28
26,26,3.208960447372785,0.0,2.9489735610545904,29
27,27,3.431091913506784,1.0,3.2389342733244795,27
28,28,3.192694729580895,1.0,2.833612883643421,22
29,29,3.3319151657909956,1.0,2.4264634918296646,26
30,30,3.274171305511392,1.0,1.9819004295751965,22
31,31,3.1117025843204678,1.0,2.5054610998092555,27
32,32,2.942757291877584,0.0,2.3900537063365905,26
33,33,2.8653097963041696,1.0,2.453731650716772,26
34,34,3.3009721429461054,0.0,2.8234841020900205,30
35,35,3.2697609835892374,0.0,2.984883366476828,25
36,36,3.6543907142296828,0.0,3.4090890527693363,32
37,37,3.6044188796792245,1.0,3.1166639925031947,26
38,38,3.343749194325371,0.0,2.9626302943248173,22
39,39,3.351064950186835,1.0,2.925431227930741,22
40,40,3.325801076843742,1.0,3.320685627386697,24
41,41,3.292810663662693,1.0,2.84136020332615,25
42,42,3.398169961454998,1.0,2.6513425561765898,27
43,43,2.9996460480248897,1.0,2.638135641015514,27
44,44,3.012390682412938,1.0,2.5676619316416405,24
45,45,2.9896674640831566,0.0,2.404088463310881,26
46,46,2.85026874357387,0.0,2.4832659369765167,11
47,47,2.716423327125461,0.0,2.4008969324933265,17
48,48,2.838595907726767,1.0,2.837555920640168,25
49,49,2.831370918733518,0.0,2.921202526758078,25
0,0,0.416536301870117,0.0,0.007048102477184571,11
1,1,1.0318487262828733,1.0,0.7682634094176223,11
2,2,1.0376150759457228,1.0,0.8056924952273251,12
3,3,1.3505288552405688,1.0,1.5444706125600551,34
4,4,1.5549263737452204,1.0,1.5221282379859824,20
5,5,1.639031211699487,1.0,1.4816092953020223,21
6,6,2.3253687433638985,1.0,1.9865989541744853,19
7,7,2.8457429012682587,1.0,1.9272066335028848,36
8,8,2.5217839378440763,1.0,1.8032100448389765,12
9,9,2.111046391021579,1.0,2.085914720089632,21
10,10,2.384707678002588,0.0,1.6871384390635304,12
11,11,2.4611507504642507,1.0,2.110804586315764,24
12,12,2.3835610182161946,1.0,1.766475459912429,28
13,13,2.8365545555993688,1.0,1.3442527026198225,12
14,14,3.086673794355354,1.0,1.526579565054112,18
15,15,3.2208536305078095,1.0,1.6229499242547971,13
16,16,3.2214713818121075,1.0,1.6560596444354505,12
17,17,2.8129579037304997,0.0,1.8950826511471135,13
18,18,2.8577940977526275,1.0,2.3021256533152523,22
19,19,2.620066495521281,1.0,2.1132028373597462,17
20,20,3.010730446441623,0.0,1.2679238341517756,15
21,21,2.908923774692076,1.0,1.1530340697565655,15
22,22,2.5509804137150804,0.0,1.3928592055778213,15
23,23,2.7930849128315667,1.0,1.4315893930417605,27
24,24,2.8295594291055854,1.0,1.8726308705608812,21
25,25,2.9488788013156455,1.0,1.8746285221336474,32
26,26,3.1222740420809734,1.0,1.7742119374096281,21
27,27,3.35964199372265,1.0,1.802624309891031,32
28,28,3.4985009631561645,1.0,1.931874726252455,32
29,29,3.7717178573136834,1.0,1.78254049527949,21
30,30,3.491917141077741,1.0,1.9158951404141795,21
31,31,3.422495987274354,1.0,2.4066694580488854,20
32,32,3.4821648168415495,1.0,1.6895869586375254,16
33,33,3.2390994932393453,1.0,1.5881129808664276,18
34,34,3.408421679191342,1.0,0.8764068191893731,11
35,35,3.6216215611923386,0.0,1.1737547271044122,14
36,36,3.4303972215955394,1.0,1.1210156748233706,13
37,37,3.320192576835,1.0,1.5933879562973468,16
38,38,3.4462339209360833,1.0,2.0906067260967958,21
39,39,3.535319568398838,1.0,2.005771357881512,23
40,40,3.718708545948999,1.0,1.9173718522529424,20
41,41,3.773470918081989,1.0,2.379846800592204,15
42,42,3.4290307094763564,1.0,2.925438257386529,24
43,43,3.4270653768073007,1.0,3.2160236476381154,20
44,44,3.312468468042789,0.0,3.0297391491913763,24
45,45,3.3584114673411243,1.0,2.7448437921136932,28
46,46,3.3643875851935525,1.0,2.9033754774356844,40
47,47,3.4996870750913858,1.0,3.11296501114988,32
48,48,3.1362855011357613,1.0,2.8042577190018263,22
49,49,3.2514759288890316,1.0,2.583521009381847,27
0,0,0.49270095827686244,1.0,0.46568287064799535,11
1,1,0.7083978369390702,1.0,0.8062243076365464,11
2,2,1.2292987890522757,0.0,0.5109377454042731,11
3,3,1.259670828489039,1.0,0.6787282618523278,12
4,4,1.710993877268807,1.0,0.20899180342233928,11
5,5,2.1070853205494493,1.0,0.37050605101303424,11
6,6,2.151478000452203,0.0,0.6722776063557525,11
7,7,2.06478194565314,1.0,0.5311832396412197,11
8,8,2.0222747258448006,1.0,0.38931572930158426,11
9,9,2.573570107360115,0.0,0.6239798389841473,11
10,10,2.71075418231408,1.0,1.0346735626663945,11
11,11,2.682992729482623,1.0,1.5768705833137866,19
12,12,2.7576411282097624,0.0,1.9411024001368604,21
13,13,2.9633189621259026,1.0,2.0920259807094608,17
14,14,2.837272774393744,1.0,1.8102602543329016,21
15,15,2.685717847405557,0.0,1.120749258224036,11
16,16,2.923479062772717,1.0,1.446393670727147,24
17,17,2.910478284856259,1.0,1.0126513548497686,11
18,18,2.9791257260184016,1.0,1.275298285804138,11
19,19,2.8514507501915536,1.0,1.5310581698155443,40
20,20,3.214445717670269,0.0,1.019458793288383,11
21,21,3.0406195985787847,1.0,0.9400494746847121,11
22,22,2.998116176120727,1.0,1.3280914494216474,27
23,23,3.117279634820304,1.0,1.4048455552448338,15
24,24,3.1052708219339076,1.0,1.2591671373598181,15
25,25,3.1691322575096965,1.0,1.0214585620856746,11
26,26,3.204758767062917,0.0,0.7925586730642615,11
27,27,3.5465789562837795,1.0,1.022407317741523,11
28,28,3.393072066652054,1.0,1.2660433914079803,28
29,29,3.2755164430843564,0.0,0.800960404101853,11
30,30,2.9806447558514373,0.0,0.5771038433774759,11
31,31,3.4178957391584763,1.0,0.7314305546029651,11
32,32,3.3634700941348106,0.0,0.23567581150127914,11
33,33,3.2842030105347666,1.0,0.6330695455727609,11
34,34,3.1376210014017705,0.0,1.0331906431531346,12
35,35,3.107407867229827,1.0,1.139391693828758,13
36,36,3.066955753723411,0.0,1.7549302468119754,20
37,37,3.3154379051829794,1.0,1.0109984394970626,11
38,38,3.6214357266782176,1.0,1.5028018417210898,14
39,39,3.569561341979856,1.0,1.998929858264206,16
40,40,3.535333739159764,0.0,1.2801675376633843,15
41,41,3.602094632523747,1.0,1.6841192630245325,28
42,42,3.2243860923986642,1.0,1.0983585228011774,13
43,43,3.2517611842890375,0.0,0.5718875754850585,11
44,44,3.248473031785118,1.0,0.32279910015489616,11
45,45,3.5911962884926845,1.0,0.4419417467644361,12
46,46,3.2215193330695637,1.0,0.7453126554658402,12
47,47,2.96000067315851,1.0,0.5134898998779104,12
48,48,3.014848887508924,0.0,1.0145341672232462,12
49,49,2.6836244651453662,0.0,0.8009242001415192,11
0,0,0.5330021409699032,0.0,0.39891092027806024,11
1,1,1.0362967971487467,1.0,0.7558434488544888,11
2,2,1.108875367303333,0.0,0.9070710079563475,11
3,3,1.383604260467478,1.0,1.2202958273301197,16
4,4,1.5666583504762523,0.0,1.3562142215956907,16
5,5,2.0337508628608316,1.0,2.243554967704141,28
6,6,2.3232942728905446,0.0,1.7068298767391463,14
7,7,2.0213809619727727,0.0,1.474149408276,13
8,8,2.101082577277508,1.0,2.1574645202053637,21
9,9,2.301759096542223,0.0,1.8645157071912457,22
10,10,2.8803877047087316,1.0,2.6178144996278068,27
11,11,2.4849103680286295,1.0,2.515316824385134,26
12,12,2.9204579192271405,0.0,2.1245288605251678,15
13,13,2.9797185972345313,1.0,1.9692883628616695,23
14,14,3.031403365664259,1.0,2.06206358946547,23
15,15,2.720375105905966,1.0,1.8292039352945364,12
16,16,2.5756863861834516,1.0,1.7894668011425585,17
17,17,2.8487088120135327,1.0,2.3381768916781134,25
18,18,2.842451286840592,1.0,2.622292558349674,29
19,19,2.3509530484158176,1.0,2.5166732722949745,35
20,20,2.3426088181285305,0.0,3.055707418604619,31
21,21,2.5915530692832567,1.0,2.8632270488956166,31
22,22,2.5091687790981525,1.0,2.9223764160072765,32
23,23,2.7025561032945475,1.0,2.7007545425466555,25
24,24,2.677639355201114,1.0,2.656443193613158,24
25,25,2.770789232376217,1.0,2.506172138490172,18
26,26,2.8166161243191143,1.0,2.119346533586332,18
27,27,2.6974159487575102,1.0,1.8428956340306601,18
28,28,2.5411003206434026,0.0,1.869229829144825,17
29,29,2.8150278058117753,0.0,1.0817289762426832,11
30,30,2.9374680584551816,1.0,1.2356239594629101,13
31,31,3.1991764664103055,1.0,0.6326194959865753,11
32,32,3.1411373561703995,1.0,0.3884835423411663,11
33,33,2.8389062053139194,1.0,0.84723162731232,11
34,34,2.745185008511587,0.0,1.0065908376036976,12
35,35,3.178836658333046,1.0,1.474987445998548,28
36,36,3.2954040632661923,1.0,2.50329980072508,27
37,37,2.978762936341597,1.0,2.572431839448017,26
38,38,2.817362128178065,1.0,2.304352757999522,26
39,39,2.89781580031759,1.0,2.569580161627055,35
40,40,3.070578719812224,1.0,2.315230719897599,20
41,41,3.2529212898086355,1.0,2.4850299976150843,17
42,42,3.24153869271083,0.0,2.502932889280746,21
43,43,3.230639466431655,1.0,2.834477136017118,29
44,44,3.072898418864437,1.0,2.7498907358428593,28
45,45,3.3557568695404285,1.0,2.8670844287135613,26
46,46,2.8548136280099334,1.0,2.4140917438771914,26
47,47,2.7544818537080924,1.0,1.984685731669824,23
48,48,3.1665020061105165,1.0,1.430204843668279,15
49,49,3.2026635807981587,1.0,1.459343277506717,11
0,0,0.4927215901718811,1.0,0.0733513414526463,13
1,1,1.1364820182481221,1.0,0.5859973797879925,11
2,2,1.8751664671682606,1.0,0.42474862752323045,13
3,3,2.2197200707429094,0.0,1.084704443605544,12
4,4,2.214519247934697,0.0,0.8522257606187424,11
5,5,2.5537215150467594,1.0,1.348077293653613,17
6,6,2.6560507910973508,1.0,1.8649511749837688,34
7,7,2.3775336135113254,1.0,1.805124414053786,26
8,8,2.7745946757371875,1.0,1.6513578125519544,18
9,9,3.04507757268562,0.0,2.024654969980766,23
10,10,3.0438595434405076,1.0,2.079904673000872,35
11,11,3.5636610493463743,1.0,2.6415201694525274,24
12,12,3.513643474992751,1.0,2.3549147016255496,29
13,13,3.4544941238189395,1.0,2.346248640859479,32
14,14,3.501374610017692,1.0,2.179402185298492,21
15,15,3.2322635857533366,1.0,2.082778169861034,15
16,16,3.345122008715313,1.0,1.3621096015490215,43
17,17,3.361390682027223,1.0,2.0005545091670394,13
18,18,3.1843992911707346,1.0,1.975313008148123,14
19,19,2.7436510254157622,1.0,2.235923742961114,25
20,20,2.9635270055732756,0.0,2.1946932406868283,24
21,21,2.833791738085582,1.0,1.8182644898893234,21
22,22,2.634452762326812,0.0,1.527662519340922,14
23,23,2.9581040508235956,1.0,2.4489241774246726,26
24,24,2.791038511807334,1.0,2.4952036072788313,27
25,25,2.7395141209037295,1.0,1.9055103338855899,22
26,26,2.8181959168587776,1.0,2.0204798021641923,23
27,27,2.914046471803241,0.0,1.662662178622105,19
28,28,3.1826489792378667,0.0,1.7554288365598487,21
29,29,3.30489619823706,1.0,1.819321649020826,21
30,30,3.515018506409145,1.0,1.6273790497121219,19
31,31,3.2620131449113727,1.0,1.4875606715323584,18
32,32,3.3338655346951316,1.0,2.058967999277687,17
33,33,3.278510277779429,1.0,1.895991868531158,22
34,34,3.1970405195975156,1.0,2.3816726889016793,27
35,35,3.125184935204788,1.0,2.4518547110217788,25
36,36,3.4747984395737577,1.0,2.3236662589778496,17
37,37,3.0955700526053223,1.0,2.5900835574868255,27
38,38,3.022355715751328,1.0,3.194431114576418,25
39,39,3.0956289312444234,1.0,3.008946168540478,32
40,40,3.4645545558516457,0.0,3.10483912391629,19
41,41,3.2211335724341605,1.0,2.2863383505549844,19
42,42,3.198226213263579,0.0,2.6681521224412816,20
43,43,3.1876637791559634,1.0,2.7570802836825785,28
44,44,3.006867720822274,1.0,2.4273680917477787,25
45,45,3.0093282555179623,1.0,3.177095333756971,20
46,46,3.5339134546566275,1.0,2.7545454666103133,21
47,47,3.124627944430077,1.0,2.7122023160455355,31
48,48,2.9575451050856554,0.0,2.338562101696297,24
49,49,3.2030497941001284,1.0,2.6416640623836454,26
0,0,0.44671429348454406,1.0,0.19438516227145106,27
1,1,1.0929540947122067,1.0,0.43552482892528466,11
2,2,1.2286130141114004,1.0,0.28009204514420305,10
3,3,1.6481066532277067,1.0,0.3011636703573693,28
4,4,1.7253082565768127,1.0,0.8561761096835709,11
5,5,1.743754269396484,0.0,0.6086241262335436,11
6,6,1.831537264916589,0.0,0.38645640544542875,11
7,7,2.086505751994829,1.0,0.3470109893110936,11
8,8,2.260764715239786,1.0,0.7811774157510321,10
9,9,2.146033650244034,1.0,1.266924578294183,26
10,10,2.229803374502925,1.0,0.7793728782475828,11
11,11,2.4161485433926284,1.0,0.9492120018102729,13
12,12,2.348887408101448,0.0,0.8931982114496584,11
13,13,2.7593827073987556,0.0,0.710093500669064,11
14,14,2.680494794356287,0.0,0.8675741921445013,11
15,15,2.354129499952356,1.0,0.5495290991367944,11
16,16,2.6300245453941584,0.0,0.41737789026971805,11
17,17,2.5637630300464647,0.0,0.3061587280403619,11
18,18,2.611963754842591,1.0,0.1345858637114749,11
19,19,2.5741166129202995,0.0,0.6699758190602454,11
20,20,2.6508389519758384,1.0,1.396633129346054,19
21,21,2.7538281185222346,1.0,1.78676207171856,28
22,22,2.807977644823308,1.0,1.7385466219210606,25
23,23,2.684045990690603,1.0,1.5637593535259648,14
24,24,2.8585368375863216,1.0,1.2540780828264593,14
25,25,2.7852810865528745,1.0,1.5080581836425007,30
26,26,3.0273735432330917,1.0,1.8767089900729677,44
27,27,3.0629550583266676,1.0,1.9008760909598175,21
28,28,3.1463174801089546,0.0,2.6122713600249314,21
29,29,3.4547201044896263,1.0,3.457065256911757,23
30,30,3.4888097808847496,1.0,3.385631446887049,22
31,31,3.5758742600855005,1.0,3.522106629235436,29
32,32,3.4599083205582772,1.0,3.7409643986291363,32
33,33,3.5539805101372868,1.0,3.8161506668158167,33
34,34,3.491486148379396,1.0,3.9514115053129486,28
35,35,3.3374303149421074,0.0,4.938928560870254,38
36,36,2.9969249205818342,0.0,4.4798504405367705,24
37,37,2.9824968984776197,1.0,4.029795182869255,20
38,38,2.897997489528496,0.0,4.0020440659877625,35
39,39,3.0135201993087453,1.0,4.134925222436988,40
40,40,2.920638774813496,1.0,4.278986285962259,33
41,41,3.1172086745866516,1.0,4.394182674821463,36
42,42,2.9513437518700423,0.0,4.6175853890104035,37
43,43,3.4560753253884946,0.0,4.150555257522806,35
44,44,3.0976600681371296,1.0,4.43586081618722,34
45,45,3.1284425063859613,1.0,4.552385434466411,37
46,46,3.2015465480446577,0.0,4.063848284378522,24
47,47,2.760462536856058,1.0,4.6607809246759135,31
48,48,2.8839818327456137,1.0,4.155109906496396,34
49,49,2.7610322872697406,1.0,4.099222082900659,27
0,0,0.4172336874537395,1.0,0.12081875755777795,13
1,1,1.0051953629024826,1.0,0.7621039874744079,11
2,2,1.166350322409834,1.0,0.41601307881251387,11
3,3,1.536570244240713,1.0,0.7899699352017142,11
4,4,1.497354064132579,1.0,0.4760069374282807,14
5,5,1.5512681198742162,1.0,1.1865618900837809,32
6,6,1.6603494015896494,1.0,0.8238947216480782,10
7,7,1.776383198245989,1.0,0.44668687204869406,11
8,8,2.2907351065437958,0.0,0.7155526011869987,11
9,9,2.695165120348413,1.0,0.7189390340272522,11
10,10,2.251166515264946,1.0,1.1014130256541026,12
11,11,2.383087435132948,1.0,0.5281838859217504,11
12,12,2.332993693075257,0.0,0.39254080519500056,12
13,13,2.3744300573217987,1.0,0.1950255956507295,11
14,14,2.485967568978766,1.0,1.2047045575223267,14
15,15,2.8345413167577584,1.0,0.9967884929768241,13
16,16,2.614842564147433,1.0,0.8230495820003076,10
17,17,2.3536039112408784,0.0,1.1116588826806555,13
18,18,2.275209551701609,1.0,1.427521701002709,23
19,19,2.5663461395047564,1.0,1.1828071798483195,14
20,20,2.852802509407455,0.0,0.6525452200532389,11
21,21,2.8981089818633072,0.0,1.0264671948602027,11
22,22,3.20012332233885,0.0,1.0464406150544332,11
23,23,2.940145906628579,1.0,1.2933506289750003,14
24,24,3.139923692674958,1.0,1.1841611922225304,11
25,25,3.073481714037915,1.0,1.0451841403337858,12
26,26,3.4839594581871913,0.0,2.073127973075222,23
27,27,3.457153014417266,1.0,1.8859909945524869,14
28,28,3.57888214142578,1.0,1.8306214657537925,21
29,29,3.1897000329176293,1.0,2.553904942988362,30
30,30,3.1323296315603,0.0,2.4806458602440933,28
31,31,2.983544023279878,1.0,2.4654315506183893,26
32,32,3.215936915849542,1.0,2.17756946403865,27
33,33,3.4319453175965418,0.0,2.201503176332742,24
34,34,3.19889153153631,0.0,2.578346346266531,27
35,35,3.5060746703178998,1.0,2.3141391865903014,25
36,36,3.1706970881597147,0.0,1.8868020095458418,14
37,37,3.257589855999014,1.0,1.272008799195977,15
38,38,2.9297868044982582,1.0,1.6079086088434171,19
39,39,3.114547428160636,1.0,0.8621167237572369,11
40,40,2.94807823352632,0.0,0.8008764764821862,11
41,41,2.7792863695324126,1.0,0.8045443290546397,12
42,42,3.0385671671904553,0.0,0.32740688193362816,11
43,43,2.6252758868626866,1.0,0.6681309286156014,11
44,44,2.9879451027230237,1.0,0.0729105975383631,11
45,45,2.949200040449617,1.0,0.7037382112342995,11
46,46,3.11711474802112,0.0,1.2115098177942532,11
47,47,2.9626837813100915,1.0,2.1986531763982247,13
48,48,3.1749801718502297,1.0,1.9606253703071748,14
49,49,3.1765284012379262,1.0,1.993703327866517,22
